#VRML V2.0 utf8
# 3D model generated by Easy ECAD Downloader

Shape{
    appearance Appearance {
        material  Material {
            diffuseColor 0.7529411764705882 0.7529411764705882 0.7529411764705882
            specularColor 0.3764705882352941 0.3764705882352941 0.3764705882352941
            ambientIntensity 0.2
            transparency 0
            shininess 0.5
        }
    }
    geometry IndexedFaceSet {
        ccw TRUE
        solid FALSE
        coord DEF co Coordinate {
            point [
                -0.7677 -0.8839 1.1457, -0.7677 -0.8839 1.0669, -0.4823 -0.8839 1.1457, 0.7677 -0.8839 1.0669, 0.7677 -0.8839 1.1457, 0.8858 -0.7657 1.1457, 0.8858 -0.7657 1.0669, 0.8858 -0.4803 1.1457, 0.8858 0.7697 1.0669, 0.8858 0.7697 1.1457, 0.7677 0.8878 1.1457, 0.7677 0.8878 1.0669, -0.4823 0.8878 1.1457, -0.7677 0.8878 1.0669, -0.7677 0.8878 1.1457, -0.8858 0.7697 1.1457, -0.8858 0.7697 1.0669, -0.8858 -0.4803 1.1457, -0.8858 -0.7657 1.0669, -0.8858 -0.7657 1.1457, -0.5172 0.7120 1.1457, -0.5118 0.6713 1.1457, 0.5329 0.7500 1.1457, 0.5579 0.7826 1.1457, 0.8214 0.6305 1.1457, 0.8057 0.5925 1.1457, 0.7806 0.5599 1.1457, 0.7101 0.5191 1.1457, 0.3982 0.2175 1.1457, 0.7480 0.5349 1.1457, 0.6693 0.5138 1.1457, 0.6285 0.5191 1.1457, 0.5906 0.5349 1.1457, 0.8057 0.7500 1.1457, 0.8214 0.7120 1.1457, 0.8268 0.6713 1.1457, -0.1111 0.4409 1.1457, -0.0374 0.4532 1.1457, 0.5329 0.5925 1.1457, 0.0374 0.4532 1.1457, 0.2476 0.3810 1.1457, 0.5579 0.5599 1.1457, 0.3066 0.3351 1.1457, 0.3573 0.2801 1.1457, 0.5906 0.8076 1.1457, 0.6285 0.8234 1.1457, 0.8818 0.8003 1.1457, 0.8700 0.8287 1.1457, 0.7806 0.7826 1.1457, 0.1111 0.4409 1.1457, 0.1819 0.4166 1.1457, 0.4282 0.1490 1.1457, 0.4466 0.0765 1.1457, 0.4528 0.0020 1.1457, 0.4466 -0.0726 1.1457, 0.4282 -0.1450 1.1457, 0.3982 -0.2135 1.1457, 0.3573 -0.2761 1.1457, -0.1111 -0.4369 1.1457, -0.1819 -0.4127 1.1457, -0.4823 -0.4803 1.1457, -0.2476 -0.3771 1.1457, -0.3066 -0.3311 1.1457, 0.6693 0.8287 1.1457, 0.7101 0.8234 1.1457, 0.7983 0.8838 1.1457, 0.7480 0.8076 1.1457, 0.8268 0.8720 1.1457, 0.8512 0.8532 1.1457, 0.3066 -0.3311 1.1457, 0.2476 -0.3771 1.1457, 0.1819 -0.4127 1.1457, -0.4282 -0.1450 1.1457, -0.4466 -0.0726 1.1457, -0.4528 0.0020 1.1457, -0.3982 0.2175 1.1457, -0.3573 0.2801 1.1457, -0.3066 0.3351 1.1457, -0.3573 -0.2761 1.1457, -0.3982 -0.2135 1.1457, -0.4466 0.0765 1.1457, -0.4282 0.1490 1.1457, -0.2476 0.3810 1.1457, -0.1819 0.4166 1.1457, 0.1111 -0.4369 1.1457, 0.0374 -0.4492 1.1457, -0.0374 -0.4492 1.1457, 0.5172 0.6305 1.1457, 0.5118 0.6713 1.1457, 0.5172 0.7120 1.1457, 0.7480 -0.8037 1.1457, 0.7101 -0.8194 1.1457, 0.7480 -0.5309 1.1457, 0.7806 -0.5560 1.1457, 0.7983 -0.8798 1.1457, 0.8268 -0.8680 1.1457, 0.7806 -0.7787 1.1457, 0.5579 -0.7787 1.1457, 0.5329 -0.7461 1.1457, 0.5172 -0.7081 1.1457, 0.5118 -0.6673 1.1457, 0.5172 -0.6266 1.1457, 0.8214 -0.7081 1.1457, 0.8818 -0.7963 1.1457, 0.8057 -0.7461 1.1457, 0.8700 -0.8248 1.1457, 0.8512 -0.8493 1.1457, 0.6693 -0.8248 1.1457, 0.6285 -0.8194 1.1457, 0.5906 -0.8037 1.1457, 0.5329 -0.5886 1.1457, 0.5579 -0.5560 1.1457, 0.5906 -0.5309 1.1457, 0.8057 -0.5886 1.1457, 0.8214 -0.6266 1.1457, 0.8268 -0.6673 1.1457, 0.6285 -0.5152 1.1457, 0.6693 -0.5098 1.1457, 0.7101 -0.5152 1.1457, -0.5329 -0.7461 1.1457, -0.5579 -0.7787 1.1457, -0.5172 -0.7081 1.1457, -0.8818 -0.7963 1.1457, -0.8057 -0.7461 1.1457, -0.8700 -0.8248 1.1457, -0.7806 -0.7787 1.1457, -0.8214 -0.6266 1.1457, -0.8268 -0.6673 1.1457, -0.8214 -0.7081 1.1457, -0.8057 -0.5886 1.1457, -0.7806 -0.5560 1.1457, -0.7480 -0.5309 1.1457, -0.5118 -0.6673 1.1457, -0.5172 -0.6266 1.1457, -0.5906 -0.8037 1.1457, -0.6285 -0.8194 1.1457, -0.7101 -0.5152 1.1457, -0.6693 -0.5098 1.1457, -0.6285 -0.5152 1.1457, -0.5906 -0.5309 1.1457, -0.5579 -0.5560 1.1457, -0.5329 -0.5886 1.1457, -0.6693 -0.8248 1.1457, -0.7101 -0.8194 1.1457, -0.7983 -0.8798 1.1457, -0.7480 -0.8037 1.1457, -0.8268 -0.8680 1.1457, -0.8512 -0.8493 1.1457, -0.5172 0.6305 1.1457, -0.7983 0.8838 1.1457, -0.7480 0.8076 1.1457, -0.8268 0.8720 1.1457, -0.7806 0.7826 1.1457, -0.7480 0.5349 1.1457, -0.7806 0.5599 1.1457, -0.7101 0.8234 1.1457, -0.6693 0.8287 1.1457, -0.6285 0.8234 1.1457, -0.5906 0.8076 1.1457, -0.5579 0.7826 1.1457, -0.5329 0.7500 1.1457, -0.5329 0.5925 1.1457, -0.5579 0.5599 1.1457, -0.5906 0.5349 1.1457, -0.8057 0.5925 1.1457, -0.8214 0.6305 1.1457, -0.8512 0.8532 1.1457, -0.8700 0.8287 1.1457, -0.8057 0.7500 1.1457, -0.8818 0.8003 1.1457, -0.8214 0.7120 1.1457, -0.8268 0.6713 1.1457, -0.6285 0.5191 1.1457, -0.6693 0.5138 1.1457, -0.7101 0.5191 1.1457, 0.2476 0.3810 1.0669, 0.1819 0.4166 1.0669, -0.4282 0.1490 1.0669, -0.3982 0.2175 1.0669, -0.3573 0.2801 1.0669, -0.4466 0.0765 1.0669, -0.4528 0.0020 1.0669, -0.4466 -0.0726 1.0669, -0.4282 -0.1450 1.0669, -0.2476 -0.3771 1.0669, -0.1819 -0.4127 1.0669, -0.1111 -0.4369 1.0669, -0.0374 -0.4492 1.0669, 0.0374 -0.4492 1.0669, 0.1111 -0.4369 1.0669, 0.3982 -0.2135 1.0669, 0.4282 -0.1450 1.0669, 0.8268 0.8720 1.0669, 0.8512 0.8532 1.0669, 0.3066 0.3351 1.0669, 0.1111 0.4409 1.0669, 0.0374 0.4532 1.0669, -0.0374 0.4532 1.0669, -0.1111 0.4409 1.0669, -0.8700 0.8287 1.0669, -0.8512 0.8532 1.0669, -0.3066 0.3351 1.0669, -0.8268 -0.8680 1.0669, -0.8512 -0.8493 1.0669, -0.3066 -0.3311 1.0669, 0.1819 -0.4127 1.0669, 0.2476 -0.3771 1.0669, 0.7983 -0.8798 1.0669, 0.3066 -0.3311 1.0669, 0.8268 -0.8680 1.0669, 0.3573 -0.2761 1.0669, 0.8512 -0.8493 1.0669, 0.8700 -0.8248 1.0669, 0.4466 -0.0726 1.0669, 0.4528 0.0020 1.0669, 0.4466 0.0765 1.0669, 0.4282 0.1490 1.0669, 0.7983 0.8838 1.0669, 0.3982 0.2175 1.0669, 0.3573 0.2801 1.0669, 0.8818 0.8003 1.0669, 0.8700 0.8287 1.0669, -0.1819 0.4166 1.0669, -0.2476 0.3810 1.0669, -0.7983 0.8838 1.0669, -0.8268 0.8720 1.0669, -0.7983 -0.8798 1.0669, -0.3982 -0.2135 1.0669, -0.3573 -0.2761 1.0669, -0.8818 -0.7963 1.0669, -0.8700 -0.8248 1.0669, 0.8818 -0.7963 1.0669, -0.8818 0.8003 1.0669, -0.8818 0.8003 1.0669
            ]
        }
        coordIndex [
            0 1 2 -1,2 1 3 -1,2 3 4 -1,5 6 7 -1,7 6 8 -1,7 8 9 -1,10 11 12 -1,12 11 13 -1,12 13 14 -1,15 16 17 -1,17 16 18 -1,17 18 19 -1,20 21 12 -1,22 23 12 -1,9 24 7 -1,7 24 25 -1,7 25 26 -1,27 28 29 -1,29 28 26 -1,27 30 28 -1,28 30 31 -1,28 31 32 -1,33 34 9 -1,9 34 35 -1,9 35 24 -1,36 37 38 -1,38 37 39 -1,38 40 41 -1,41 40 42 -1,41 42 32 -1,32 42 43 -1,32 43 28 -1,23 44 12 -1,12 44 45 -1,12 45 10 -1,9 46 33 -1,33 46 47 -1,33 47 48 -1,39 49 38 -1,38 49 50 -1,38 50 40 -1,28 51 26 -1,26 51 52 -1,26 52 7 -1,7 52 53 -1,7 53 54 -1,54 55 7 -1,7 55 56 -1,7 56 57 -1,58 59 60 -1,60 59 61 -1,60 61 62 -1,45 63 10 -1,10 63 64 -1,10 64 65 -1,65 64 66 -1,65 66 67 -1,67 66 48 -1,67 48 68 -1,68 48 47 -1,57 69 7 -1,7 69 70 -1,7 70 71 -1,72 73 60 -1,60 73 74 -1,75 76 12 -1,12 76 77 -1,62 78 60 -1,60 78 79 -1,60 79 72 -1,74 80 12 -1,12 80 81 -1,12 81 75 -1,77 82 12 -1,12 82 83 -1,12 83 36 -1,71 84 7 -1,7 84 85 -1,7 85 60 -1,60 85 86 -1,60 86 58 -1,38 87 36 -1,36 87 88 -1,36 88 12 -1,12 88 89 -1,12 89 22 -1,90 91 4 -1,92 93 7 -1,4 94 90 -1,90 94 95 -1,90 95 96 -1,97 98 2 -1,2 98 99 -1,2 99 60 -1,60 99 100 -1,60 100 101 -1,5 102 103 -1,103 102 104 -1,103 104 105 -1,105 104 96 -1,105 96 106 -1,106 96 95 -1,91 107 4 -1,4 107 108 -1,4 108 2 -1,2 108 109 -1,2 109 97 -1,101 110 60 -1,60 110 111 -1,60 111 112 -1,93 113 7 -1,7 113 114 -1,7 114 5 -1,5 114 115 -1,5 115 102 -1,112 116 60 -1,60 116 117 -1,60 117 7 -1,7 117 118 -1,7 118 92 -1,119 120 2 -1,119 2 121 -1,19 122 123 -1,123 122 124 -1,123 124 125 -1,126 17 127 -1,127 17 19 -1,127 19 128 -1,128 19 123 -1,126 129 17 -1,17 129 130 -1,17 130 131 -1,121 2 132 -1,132 2 60 -1,132 60 133 -1,120 134 2 -1,2 134 135 -1,2 135 0 -1,131 136 17 -1,17 136 137 -1,17 137 60 -1,60 137 138 -1,60 138 139 -1,139 140 60 -1,60 140 141 -1,60 141 133 -1,135 142 0 -1,0 142 143 -1,0 143 144 -1,144 143 145 -1,144 145 146 -1,146 145 125 -1,146 125 147 -1,147 125 124 -1,74 12 60 -1,60 12 21 -1,60 21 148 -1,14 149 150 -1,150 149 151 -1,150 151 152 -1,153 154 17 -1,150 155 14 -1,14 155 156 -1,14 156 12 -1,12 156 157 -1,12 157 158 -1,158 159 12 -1,12 159 160 -1,12 160 20 -1,148 161 60 -1,60 161 162 -1,60 162 163 -1,154 164 17 -1,17 164 165 -1,17 165 15 -1,151 166 152 -1,152 166 167 -1,152 167 168 -1,168 167 169 -1,168 169 170 -1,170 169 15 -1,170 15 171 -1,171 15 165 -1,163 172 60 -1,60 172 173 -1,60 173 17 -1,17 173 174 -1,17 174 153 -1,175 176 11 -1,177 16 178 -1,178 16 179 -1,177 180 16 -1,16 180 181 -1,16 181 18 -1,18 181 182 -1,18 182 183 -1,1 184 185 -1,185 186 1 -1,1 186 187 -1,1 187 3 -1,3 187 188 -1,3 188 189 -1,6 190 191 -1,192 193 194 -1,176 195 11 -1,11 195 196 -1,11 196 13 -1,13 196 197 -1,13 197 198 -1,199 200 201 -1,202 203 204 -1,189 205 3 -1,3 205 206 -1,3 206 207 -1,207 206 208 -1,207 208 209 -1,209 208 210 -1,209 210 211 -1,211 210 212 -1,191 213 6 -1,6 213 214 -1,6 214 8 -1,8 214 215 -1,8 215 216 -1,175 11 194 -1,194 11 217 -1,194 217 192 -1,216 218 8 -1,8 218 219 -1,8 219 220 -1,220 219 194 -1,220 194 221 -1,221 194 193 -1,198 222 13 -1,13 222 223 -1,13 223 224 -1,224 223 201 -1,224 201 225 -1,225 201 200 -1,184 1 204 -1,204 1 226 -1,204 226 202 -1,183 227 18 -1,18 227 228 -1,18 228 229 -1,229 228 204 -1,229 204 230 -1,230 204 203 -1,190 6 210 -1,210 6 231 -1,210 231 212 -1,179 16 201 -1,201 16 232 -1,201 232 199 -1,
        ]
    }
}
Shape{
    appearance Appearance {
        material  Material {
            diffuseColor 0.792156862745098 0.8196078431372549 0.9333333333333333
            specularColor 0.396078431372549 0.4117647058823529 0.4666666666666667
            ambientIntensity 0.2
            transparency 0
            shininess 0.5
        }
    }
    geometry IndexedFaceSet {
        ccw TRUE
        solid FALSE
        coord DEF co Coordinate {
            point [
                0.4528 0.0020 1.0669, 0.4528 0.0020 1.1457, 0.4466 0.0765 1.0669, 0.4466 0.0765 1.1457, 0.4282 0.1490 1.0669, 0.4282 0.1490 1.1457, 0.3982 0.2175 1.0669, 0.3982 0.2175 1.1457, 0.3573 0.2801 1.0669, 0.3573 0.2801 1.1457, 0.3066 0.3351 1.0669, 0.3066 0.3351 1.1457, 0.2476 0.3810 1.0669, 0.2476 0.3810 1.1457, 0.1819 0.4166 1.0669, 0.1819 0.4166 1.1457, 0.1111 0.4409 1.0669, 0.1111 0.4409 1.1457, 0.0374 0.4532 1.0669, 0.0374 0.4532 1.1457, -0.0374 0.4532 1.0669, -0.0374 0.4532 1.1457, -0.1111 0.4409 1.0669, -0.1111 0.4409 1.1457, -0.1819 0.4166 1.0669, -0.1819 0.4166 1.1457, -0.2476 0.3810 1.0669, -0.2476 0.3810 1.1457, -0.3066 0.3351 1.0669, -0.3066 0.3351 1.1457, -0.3573 0.2801 1.0669, -0.3573 0.2801 1.1457, -0.3982 0.2175 1.0669, -0.3982 0.2175 1.1457, -0.4282 0.1490 1.0669, -0.4282 0.1490 1.1457, -0.4466 0.0765 1.0669, -0.4466 0.0765 1.1457, -0.4528 0.0020 1.0669, -0.4528 0.0020 1.1457, -0.4466 -0.0726 1.0669, -0.4466 -0.0726 1.1457, -0.4282 -0.1450 1.0669, -0.4282 -0.1450 1.1457, -0.3982 -0.2135 1.0669, -0.3982 -0.2135 1.1457, -0.3573 -0.2761 1.0669, -0.3573 -0.2761 1.1457, -0.3066 -0.3311 1.0669, -0.3066 -0.3311 1.1457, -0.2476 -0.3771 1.0669, -0.2476 -0.3771 1.1457, -0.1819 -0.4127 1.0669, -0.1819 -0.4127 1.1457, -0.1111 -0.4369 1.0669, -0.1111 -0.4369 1.1457, -0.0374 -0.4492 1.0669, -0.0374 -0.4492 1.1457, 0.0374 -0.4492 1.0669, 0.0374 -0.4492 1.1457, 0.1111 -0.4369 1.0669, 0.1111 -0.4369 1.1457, 0.1819 -0.4127 1.0669, 0.1819 -0.4127 1.1457, 0.2476 -0.3771 1.0669, 0.2476 -0.3771 1.1457, 0.3066 -0.3311 1.0669, 0.3066 -0.3311 1.1457, 0.3573 -0.2761 1.0669, 0.3573 -0.2761 1.1457, 0.3982 -0.2135 1.0669, 0.3982 -0.2135 1.1457, 0.4282 -0.1450 1.0669, 0.4282 -0.1450 1.1457, 0.4466 -0.0726 1.0669, 0.4466 -0.0726 1.1457, 0.4466 -0.0726 1.1457
            ]
        }
        coordIndex [
            0 1 2 -1,2 1 3 -1,2 3 4 -1,4 3 5 -1,4 5 6 -1,6 5 7 -1,6 7 8 -1,8 7 9 -1,8 9 10 -1,10 9 11 -1,10 11 12 -1,12 11 13 -1,12 13 14 -1,14 13 15 -1,14 15 16 -1,16 15 17 -1,16 17 18 -1,18 17 19 -1,18 19 20 -1,20 19 21 -1,20 21 22 -1,22 21 23 -1,22 23 24 -1,24 23 25 -1,24 25 26 -1,26 25 27 -1,26 27 28 -1,28 27 29 -1,28 29 30 -1,30 29 31 -1,30 31 32 -1,32 31 33 -1,32 33 34 -1,34 33 35 -1,34 35 36 -1,36 35 37 -1,36 37 38 -1,38 37 39 -1,38 39 40 -1,40 39 41 -1,40 41 42 -1,42 41 43 -1,42 43 44 -1,44 43 45 -1,44 45 46 -1,46 45 47 -1,46 47 48 -1,48 47 49 -1,48 49 50 -1,50 49 51 -1,50 51 52 -1,52 51 53 -1,52 53 54 -1,54 53 55 -1,54 55 56 -1,56 55 57 -1,56 57 58 -1,58 57 59 -1,58 59 60 -1,60 59 61 -1,60 61 62 -1,62 61 63 -1,62 63 64 -1,64 63 65 -1,64 65 66 -1,66 65 67 -1,66 67 68 -1,68 67 69 -1,68 69 70 -1,70 69 71 -1,70 71 72 -1,72 71 73 -1,72 73 74 -1,74 73 75 -1,74 75 0 -1,0 75 1 -1,
        ]
    }
}
Shape{
    appearance Appearance {
        material  Material {
            diffuseColor 0.25098039215686274 0.25098039215686274 0.25098039215686274
            specularColor 0.12549019607843137 0.12549019607843137 0.12549019607843137
            ambientIntensity 0.2
            transparency 0
            shininess 0.5
        }
    }
    geometry IndexedFaceSet {
        ccw TRUE
        solid FALSE
        coord DEF co Coordinate {
            point [
                -0.8214 -0.7081 1.1457, -0.8208 -0.7079 1.1654, -0.8237 -0.6980 1.1654, -0.8268 -0.6673 1.1457, -0.8148 -0.7276 1.1654, -0.8057 -0.7461 1.1457, -0.8051 -0.7457 1.1654, -0.8002 -0.7548 1.1654, -0.7806 -0.7787 1.1457, -0.7806 -0.7787 1.1654, -0.7568 -0.7983 1.1654, -0.7480 -0.8037 1.1457, -0.7477 -0.8031 1.1654, -0.7296 -0.8128 1.1654, -0.7101 -0.8194 1.1457, -0.7099 -0.8188 1.1654, -0.7000 -0.8218 1.1654, -0.6693 -0.8248 1.1457, -0.6693 -0.8248 1.1654, -0.6386 -0.8218 1.1654, -0.6285 -0.8194 1.1457, -0.6287 -0.8188 1.1654, -0.6090 -0.8128 1.1654, -0.5906 -0.8037 1.1457, -0.5909 -0.8031 1.1654, -0.5818 -0.7983 1.1654, -0.5579 -0.7787 1.1457, -0.5579 -0.7787 1.1654, -0.5384 -0.7548 1.1654, -0.5329 -0.7461 1.1457, -0.5335 -0.7457 1.1654, -0.5238 -0.7276 1.1654, -0.5172 -0.7081 1.1457, -0.5178 -0.7079 1.1654, -0.5148 -0.6980 1.1654, -0.5118 -0.6673 1.1457, -0.5118 -0.6673 1.1654, -0.5148 -0.6366 1.1654, -0.5172 -0.6266 1.1457, -0.5178 -0.6268 1.1654, -0.5579 -0.5560 1.1457, -0.5384 -0.5798 1.1654, -0.5329 -0.5886 1.1457, -0.5335 -0.5889 1.1654, -0.5238 -0.6071 1.1654, -0.6090 -0.5218 1.1654, -0.5909 -0.5315 1.1654, -0.5906 -0.5309 1.1457, -0.5818 -0.5364 1.1654, -0.5579 -0.5560 1.1654, -0.6287 -0.5159 1.1654, -0.6285 -0.5152 1.1457, -0.6386 -0.5129 1.1654, -0.6693 -0.5098 1.1457, -0.6693 -0.5098 1.1654, -0.7000 -0.5129 1.1654, -0.7101 -0.5152 1.1457, -0.7099 -0.5159 1.1654, -0.7806 -0.5560 1.1457, -0.7568 -0.5364 1.1654, -0.7480 -0.5309 1.1457, -0.7477 -0.5315 1.1654, -0.7296 -0.5218 1.1654, -0.8057 -0.5886 1.1457, -0.8002 -0.5798 1.1654, -0.7806 -0.5560 1.1654, -0.8214 -0.6266 1.1457, -0.8148 -0.6071 1.1654, -0.8051 -0.5889 1.1654, -0.8268 -0.6673 1.1654, -0.8237 -0.6366 1.1654, -0.8208 -0.6268 1.1654, -0.6102 -0.6673 1.2638, -0.6114 -0.6558 1.2638, -0.6693 -0.6673 1.2638, -0.6114 -0.6788 1.2638, -0.6275 -0.7091 1.2638, -0.6202 -0.7001 1.2638, -0.6147 -0.6899 1.2638, -0.6578 -0.7252 1.2638, -0.6467 -0.7219 1.2638, -0.6365 -0.7164 1.2638, -0.6919 -0.7219 1.2638, -0.6808 -0.7252 1.2638, -0.6693 -0.7264 1.2638, -0.7184 -0.7001 1.2638, -0.7110 -0.7091 1.2638, -0.7021 -0.7164 1.2638, -0.7283 -0.6673 1.2638, -0.7272 -0.6788 1.2638, -0.7239 -0.6899 1.2638, -0.7184 -0.6345 1.2638, -0.7239 -0.6447 1.2638, -0.7272 -0.6558 1.2638, -0.6919 -0.6128 1.2638, -0.7021 -0.6182 1.2638, -0.7110 -0.6256 1.2638, -0.6578 -0.6094 1.2638, -0.6693 -0.6083 1.2638, -0.6808 -0.6094 1.2638, -0.6275 -0.6256 1.2638, -0.6365 -0.6182 1.2638, -0.6467 -0.6128 1.2638, -0.6147 -0.6447 1.2638, -0.6202 -0.6345 1.2638, -0.8214 0.6305 1.1457, -0.8208 0.6307 1.1654, -0.8237 0.6405 1.1654, -0.8268 0.6713 1.1457, -0.7806 0.5599 1.1457, -0.8002 0.5838 1.1654, -0.8057 0.5925 1.1457, -0.8051 0.5928 1.1654, -0.8148 0.6110 1.1654, -0.7296 0.5258 1.1654, -0.7477 0.5355 1.1654, -0.7480 0.5349 1.1457, -0.7568 0.5403 1.1654, -0.7806 0.5599 1.1654, -0.7099 0.5198 1.1654, -0.7101 0.5191 1.1457, -0.7000 0.5168 1.1654, -0.6693 0.5138 1.1457, -0.6693 0.5138 1.1654, -0.6386 0.5168 1.1654, -0.6285 0.5191 1.1457, -0.6287 0.5198 1.1654, -0.5579 0.5599 1.1457, -0.5818 0.5403 1.1654, -0.5906 0.5349 1.1457, -0.5909 0.5355 1.1654, -0.6090 0.5258 1.1654, -0.5238 0.6110 1.1654, -0.5335 0.5928 1.1654, -0.5329 0.5925 1.1457, -0.5384 0.5838 1.1654, -0.5579 0.5599 1.1654, -0.5178 0.6307 1.1654, -0.5172 0.6305 1.1457, -0.5148 0.6405 1.1654, -0.5118 0.6713 1.1457, -0.5118 0.6713 1.1654, -0.5148 0.7020 1.1654, -0.5172 0.7120 1.1457, -0.5178 0.7118 1.1654, -0.5579 0.7826 1.1457, -0.5384 0.7588 1.1654, -0.5329 0.7500 1.1457, -0.5335 0.7497 1.1654, -0.5238 0.7315 1.1654, -0.6090 0.8168 1.1654, -0.5909 0.8070 1.1654, -0.5906 0.8076 1.1457, -0.5818 0.8022 1.1654, -0.5579 0.7826 1.1654, -0.6287 0.8227 1.1654, -0.6285 0.8234 1.1457, -0.6386 0.8257 1.1654, -0.6693 0.8287 1.1457, -0.6693 0.8287 1.1654, -0.7000 0.8257 1.1654, -0.7101 0.8234 1.1457, -0.7099 0.8227 1.1654, -0.7296 0.8168 1.1654, -0.7480 0.8076 1.1457, -0.7477 0.8070 1.1654, -0.7568 0.8022 1.1654, -0.7806 0.7826 1.1457, -0.7806 0.7826 1.1654, -0.8002 0.7588 1.1654, -0.8057 0.7500 1.1457, -0.8051 0.7497 1.1654, -0.8268 0.6713 1.1654, -0.8237 0.7020 1.1654, -0.8214 0.7120 1.1457, -0.8208 0.7118 1.1654, -0.8148 0.7315 1.1654, -0.7283 0.6713 1.2638, -0.7272 0.6597 1.2638, -0.6693 0.6713 1.2638, -0.7272 0.6828 1.2638, -0.7110 0.7130 1.2638, -0.7184 0.7041 1.2638, -0.7239 0.6939 1.2638, -0.6808 0.7292 1.2638, -0.6919 0.7258 1.2638, -0.7021 0.7204 1.2638, -0.6467 0.7258 1.2638, -0.6578 0.7292 1.2638, -0.6693 0.7303 1.2638, -0.6202 0.7041 1.2638, -0.6275 0.7130 1.2638, -0.6365 0.7204 1.2638, -0.6102 0.6713 1.2638, -0.6114 0.6828 1.2638, -0.6147 0.6939 1.2638, -0.6202 0.6385 1.2638, -0.6147 0.6487 1.2638, -0.6114 0.6597 1.2638, -0.6467 0.6167 1.2638, -0.6365 0.6222 1.2638, -0.6275 0.6295 1.2638, -0.6808 0.6133 1.2638, -0.6693 0.6122 1.2638, -0.6578 0.6133 1.2638, -0.7110 0.6295 1.2638, -0.7021 0.6222 1.2638, -0.6919 0.6167 1.2638, -0.7239 0.6487 1.2638, -0.7184 0.6385 1.2638, 0.5172 0.6305 1.1457, 0.5178 0.6307 1.1654, 0.5148 0.6405 1.1654, 0.5118 0.6713 1.1457, 0.5238 0.6110 1.1654, 0.5329 0.5925 1.1457, 0.5335 0.5928 1.1654, 0.5384 0.5838 1.1654, 0.5579 0.5599 1.1457, 0.5579 0.5599 1.1654, 0.5818 0.5403 1.1654, 0.5906 0.5349 1.1457, 0.5909 0.5355 1.1654, 0.6090 0.5258 1.1654, 0.6285 0.5191 1.1457, 0.6287 0.5198 1.1654, 0.6386 0.5168 1.1654, 0.6693 0.5138 1.1457, 0.6693 0.5138 1.1654, 0.7000 0.5168 1.1654, 0.7101 0.5191 1.1457, 0.7099 0.5198 1.1654, 0.7296 0.5258 1.1654, 0.7480 0.5349 1.1457, 0.7477 0.5355 1.1654, 0.7568 0.5403 1.1654, 0.7806 0.5599 1.1457, 0.7806 0.5599 1.1654, 0.8002 0.5838 1.1654, 0.8057 0.5925 1.1457, 0.8051 0.5928 1.1654, 0.8148 0.6110 1.1654, 0.8214 0.6305 1.1457, 0.8208 0.6307 1.1654, 0.8237 0.6405 1.1654, 0.8268 0.6713 1.1457, 0.8268 0.6713 1.1654, 0.8237 0.7020 1.1654, 0.8214 0.7120 1.1457, 0.8208 0.7118 1.1654, 0.8148 0.7315 1.1654, 0.8057 0.7500 1.1457, 0.8051 0.7497 1.1654, 0.8002 0.7588 1.1654, 0.7806 0.7826 1.1457, 0.7806 0.7826 1.1654, 0.7568 0.8022 1.1654, 0.7480 0.8076 1.1457, 0.7477 0.8070 1.1654, 0.6693 0.8287 1.1457, 0.7000 0.8257 1.1654, 0.7101 0.8234 1.1457, 0.7099 0.8227 1.1654, 0.7296 0.8168 1.1654, 0.6285 0.8234 1.1457, 0.6386 0.8257 1.1654, 0.6693 0.8287 1.1654, 0.5906 0.8076 1.1457, 0.6090 0.8168 1.1654, 0.6287 0.8227 1.1654, 0.5579 0.7826 1.1457, 0.5818 0.8022 1.1654, 0.5909 0.8070 1.1654, 0.5329 0.7500 1.1457, 0.5384 0.7588 1.1654, 0.5579 0.7826 1.1654, 0.5172 0.7120 1.1457, 0.5238 0.7315 1.1654, 0.5335 0.7497 1.1654, 0.5118 0.6713 1.1654, 0.5148 0.7020 1.1654, 0.5178 0.7118 1.1654, 0.7283 0.6713 1.2638, 0.7272 0.6828 1.2638, 0.6693 0.6713 1.2638, 0.7272 0.6597 1.2638, 0.7110 0.6295 1.2638, 0.7184 0.6385 1.2638, 0.7239 0.6487 1.2638, 0.6808 0.6133 1.2638, 0.6919 0.6167 1.2638, 0.7021 0.6222 1.2638, 0.6467 0.6167 1.2638, 0.6578 0.6133 1.2638, 0.6693 0.6122 1.2638, 0.6202 0.6385 1.2638, 0.6275 0.6295 1.2638, 0.6365 0.6222 1.2638, 0.6102 0.6713 1.2638, 0.6114 0.6597 1.2638, 0.6147 0.6487 1.2638, 0.6202 0.7041 1.2638, 0.6147 0.6939 1.2638, 0.6114 0.6828 1.2638, 0.6467 0.7258 1.2638, 0.6365 0.7204 1.2638, 0.6275 0.7130 1.2638, 0.6808 0.7292 1.2638, 0.6693 0.7303 1.2638, 0.6578 0.7292 1.2638, 0.7110 0.7130 1.2638, 0.7021 0.7204 1.2638, 0.6919 0.7258 1.2638, 0.7239 0.6939 1.2638, 0.7184 0.7041 1.2638, 0.5238 -0.7276 1.1654, 0.5178 -0.7079 1.1654, 0.5172 -0.7081 1.1457, 0.5148 -0.6980 1.1654, 0.5118 -0.6673 1.1457, 0.5335 -0.7457 1.1654, 0.5329 -0.7461 1.1457, 0.5384 -0.7548 1.1654, 0.5579 -0.7787 1.1457, 0.5579 -0.7787 1.1654, 0.5818 -0.7983 1.1654, 0.5906 -0.8037 1.1457, 0.5909 -0.8031 1.1654, 0.6693 -0.8248 1.1457, 0.6386 -0.8218 1.1654, 0.6285 -0.8194 1.1457, 0.6287 -0.8188 1.1654, 0.6090 -0.8128 1.1654, 0.7296 -0.8128 1.1654, 0.7099 -0.8188 1.1654, 0.7101 -0.8194 1.1457, 0.7000 -0.8218 1.1654, 0.6693 -0.8248 1.1654, 0.7477 -0.8031 1.1654, 0.7480 -0.8037 1.1457, 0.7568 -0.7983 1.1654, 0.7806 -0.7787 1.1457, 0.7806 -0.7787 1.1654, 0.8002 -0.7548 1.1654, 0.8057 -0.7461 1.1457, 0.8051 -0.7457 1.1654, 0.8268 -0.6673 1.1457, 0.8237 -0.6980 1.1654, 0.8214 -0.7081 1.1457, 0.8208 -0.7079 1.1654, 0.8148 -0.7276 1.1654, 0.8148 -0.6071 1.1654, 0.8208 -0.6268 1.1654, 0.8214 -0.6266 1.1457, 0.8237 -0.6366 1.1654, 0.8268 -0.6673 1.1654, 0.8051 -0.5889 1.1654, 0.8057 -0.5886 1.1457, 0.8002 -0.5798 1.1654, 0.7806 -0.5560 1.1457, 0.7806 -0.5560 1.1654, 0.7568 -0.5364 1.1654, 0.7480 -0.5309 1.1457, 0.7477 -0.5315 1.1654, 0.7296 -0.5218 1.1654, 0.7101 -0.5152 1.1457, 0.7099 -0.5159 1.1654, 0.7000 -0.5129 1.1654, 0.6693 -0.5098 1.1457, 0.6693 -0.5098 1.1654, 0.6386 -0.5129 1.1654, 0.6285 -0.5152 1.1457, 0.6287 -0.5159 1.1654, 0.5579 -0.5560 1.1457, 0.5818 -0.5364 1.1654, 0.5906 -0.5309 1.1457, 0.5909 -0.5315 1.1654, 0.6090 -0.5218 1.1654, 0.5329 -0.5886 1.1457, 0.5384 -0.5798 1.1654, 0.5579 -0.5560 1.1654, 0.5172 -0.6266 1.1457, 0.5238 -0.6071 1.1654, 0.5335 -0.5889 1.1654, 0.5118 -0.6673 1.1654, 0.5148 -0.6366 1.1654, 0.5178 -0.6268 1.1654, 0.6102 -0.6673 1.2638, 0.6114 -0.6788 1.2638, 0.6693 -0.6673 1.2638, 0.6114 -0.6558 1.2638, 0.6275 -0.6256 1.2638, 0.6202 -0.6345 1.2638, 0.6147 -0.6447 1.2638, 0.6578 -0.6094 1.2638, 0.6467 -0.6128 1.2638, 0.6365 -0.6182 1.2638, 0.6919 -0.6128 1.2638, 0.6808 -0.6094 1.2638, 0.6693 -0.6083 1.2638, 0.7184 -0.6345 1.2638, 0.7110 -0.6256 1.2638, 0.7021 -0.6182 1.2638, 0.7283 -0.6673 1.2638, 0.7272 -0.6558 1.2638, 0.7239 -0.6447 1.2638, 0.7184 -0.7001 1.2638, 0.7239 -0.6899 1.2638, 0.7272 -0.6788 1.2638, 0.6919 -0.7219 1.2638, 0.7021 -0.7164 1.2638, 0.7110 -0.7091 1.2638, 0.6578 -0.7252 1.2638, 0.6693 -0.7264 1.2638, 0.6808 -0.7252 1.2638, 0.6275 -0.7091 1.2638, 0.6365 -0.7164 1.2638, 0.6467 -0.7219 1.2638, 0.6147 -0.6899 1.2638, 0.6202 -0.7001 1.2638, -0.7982 0.5851 1.1873, -0.8125 0.6119 1.1873, -0.7789 0.5616 1.1873, -0.7554 0.5424 1.1873, -0.7286 0.5280 1.1873, -0.6995 0.5192 1.1873, -0.6693 0.5162 1.1873, -0.6391 0.5192 1.1873, -0.6100 0.5280 1.1873, -0.5832 0.5424 1.1873, -0.5597 0.5616 1.1873, -0.5404 0.5851 1.1873, -0.5261 0.6119 1.1873, -0.5173 0.6410 1.1873, -0.5143 0.6713 1.1873, -0.5173 0.7015 1.1873, -0.5261 0.7306 1.1873, -0.5404 0.7574 1.1873, -0.5597 0.7809 1.1873, -0.5832 0.8001 1.1873, -0.6100 0.8145 1.1873, -0.6391 0.8233 1.1873, -0.6693 0.8263 1.1873, -0.6995 0.8233 1.1873, -0.7286 0.8145 1.1873, -0.7554 0.8001 1.1873, -0.7789 0.7809 1.1873, -0.7982 0.7574 1.1873, -0.8125 0.7306 1.1873, -0.8213 0.7015 1.1873, -0.8243 0.6713 1.1873, -0.8213 0.6410 1.1873, -0.8142 0.7001 1.2081, -0.8058 0.7278 1.2081, -0.7921 0.7533 1.2081, -0.7738 0.7757 1.2081, -0.7514 0.7941 1.2081, -0.7258 0.8077 1.2081, -0.6981 0.8162 1.2081, -0.6693 0.8190 1.2081, -0.6405 0.8162 1.2081, -0.6128 0.8077 1.2081, -0.5872 0.7941 1.2081, -0.5648 0.7757 1.2081, -0.5465 0.7533 1.2081, -0.5328 0.7278 1.2081, -0.5244 0.7001 1.2081, -0.5216 0.6713 1.2081, -0.5244 0.6424 1.2081, -0.5328 0.6147 1.2081, -0.5465 0.5892 1.2081, -0.5648 0.5668 1.2081, -0.5872 0.5484 1.2081, -0.6128 0.5348 1.2081, -0.6405 0.5264 1.2081, -0.6693 0.5235 1.2081, -0.6981 0.5264 1.2081, -0.7258 0.5348 1.2081, -0.7514 0.5484 1.2081, -0.7738 0.5668 1.2081, -0.7921 0.5892 1.2081, -0.8058 0.6147 1.2081, -0.8142 0.6424 1.2081, -0.8170 0.6713 1.2081, -0.8027 0.6978 1.2267, -0.7949 0.7233 1.2267, -0.7824 0.7468 1.2267, -0.7655 0.7674 1.2267, -0.7449 0.7843 1.2267, -0.7213 0.7969 1.2267, -0.6958 0.8047 1.2267, -0.6693 0.8073 1.2267, -0.6428 0.8047 1.2267, -0.6172 0.7969 1.2267, -0.5937 0.7843 1.2267, -0.5731 0.7674 1.2267, -0.5562 0.7468 1.2267, -0.5436 0.7233 1.2267, -0.5359 0.6978 1.2267, -0.5333 0.6713 1.2267, -0.5359 0.6447 1.2267, -0.5436 0.6192 1.2267, -0.5562 0.5957 1.2267, -0.5731 0.5751 1.2267, -0.5937 0.5582 1.2267, -0.6172 0.5456 1.2267, -0.6428 0.5379 1.2267, -0.6693 0.5353 1.2267, -0.6958 0.5379 1.2267, -0.7213 0.5456 1.2267, -0.7449 0.5582 1.2267, -0.7655 0.5751 1.2267, -0.7824 0.5957 1.2267, -0.7949 0.6192 1.2267, -0.8027 0.6447 1.2267, -0.8053 0.6713 1.2267, -0.7874 0.6948 1.2423, -0.7805 0.7173 1.2423, -0.7694 0.7382 1.2423, -0.7544 0.7564 1.2423, -0.7362 0.7714 1.2423, -0.7154 0.7825 1.2423, -0.6928 0.7894 1.2423, -0.6693 0.7917 1.2423, -0.6458 0.7894 1.2423, -0.6232 0.7825 1.2423, -0.6024 0.7714 1.2423, -0.5841 0.7564 1.2423, -0.5692 0.7382 1.2423, -0.5580 0.7173 1.2423, -0.5512 0.6948 1.2423, -0.5489 0.6713 1.2423, -0.5512 0.6478 1.2423, -0.5580 0.6252 1.2423, -0.5692 0.6044 1.2423, -0.5841 0.5861 1.2423, -0.6024 0.5711 1.2423, -0.6232 0.5600 1.2423, -0.6458 0.5532 1.2423, -0.6693 0.5508 1.2423, -0.6928 0.5532 1.2423, -0.7154 0.5600 1.2423, -0.7362 0.5711 1.2423, -0.7544 0.5861 1.2423, -0.7694 0.6044 1.2423, -0.7805 0.6252 1.2423, -0.7874 0.6478 1.2423, -0.7897 0.6713 1.2423, -0.7691 0.6911 1.2540, -0.7633 0.7102 1.2540, -0.7539 0.7278 1.2540, -0.7412 0.7432 1.2540, -0.7258 0.7559 1.2540, -0.7082 0.7653 1.2540, -0.6891 0.7711 1.2540, -0.6693 0.7730 1.2540, -0.6494 0.7711 1.2540, -0.6303 0.7653 1.2540, -0.6128 0.7559 1.2540, -0.5973 0.7432 1.2540, -0.5847 0.7278 1.2540, -0.5753 0.7102 1.2540, -0.5695 0.6911 1.2540, -0.5675 0.6713 1.2540, -0.5695 0.6514 1.2540, -0.5753 0.6323 1.2540, -0.5847 0.6147 1.2540, -0.5973 0.5993 1.2540, -0.6128 0.5866 1.2540, -0.6303 0.5772 1.2540, -0.6494 0.5715 1.2540, -0.6693 0.5695 1.2540, -0.6891 0.5715 1.2540, -0.7082 0.5772 1.2540, -0.7258 0.5866 1.2540, -0.7412 0.5993 1.2540, -0.7539 0.6147 1.2540, -0.7633 0.6323 1.2540, -0.7691 0.6514 1.2540, -0.7711 0.6713 1.2540, -0.7487 0.6871 1.2613, -0.7441 0.7022 1.2613, -0.7366 0.7162 1.2613, -0.7265 0.7285 1.2613, -0.7143 0.7386 1.2613, -0.7003 0.7461 1.2613, -0.6851 0.7507 1.2613, -0.6693 0.7522 1.2613, -0.6535 0.7507 1.2613, -0.6383 0.7461 1.2613, -0.6243 0.7386 1.2613, -0.6120 0.7285 1.2613, -0.6020 0.7162 1.2613, -0.5945 0.7022 1.2613, -0.5899 0.6871 1.2613, -0.5883 0.6713 1.2613, -0.5899 0.6555 1.2613, -0.5945 0.6403 1.2613, -0.6020 0.6263 1.2613, -0.6120 0.6140 1.2613, -0.6243 0.6039 1.2613, -0.6383 0.5965 1.2613, -0.6535 0.5919 1.2613, -0.6693 0.5903 1.2613, -0.6851 0.5919 1.2613, -0.7003 0.5965 1.2613, -0.7143 0.6039 1.2613, -0.7265 0.6140 1.2613, -0.7366 0.6263 1.2613, -0.7441 0.6403 1.2613, -0.7487 0.6555 1.2613, -0.7502 0.6713 1.2613, 0.8125 0.7306 1.1873, 0.7982 0.7574 1.1873, 0.7286 0.8145 1.1873, 0.6995 0.8233 1.1873, 0.6100 0.8145 1.1873, 0.5832 0.8001 1.1873, 0.5261 0.7306 1.1873, 0.5173 0.7015 1.1873, 0.5261 0.6119 1.1873, 0.5404 0.5851 1.1873, 0.6100 0.5280 1.1873, 0.6391 0.5192 1.1873, 0.7286 0.5280 1.1873, 0.7554 0.5424 1.1873, 0.8125 0.6119 1.1873, 0.8213 0.6410 1.1873, 0.7502 0.6713 1.2613, 0.7487 0.6555 1.2613, 0.7711 0.6713 1.2540, 0.7691 0.6514 1.2540, 0.7897 0.6713 1.2423, 0.7874 0.6478 1.2423, 0.8053 0.6713 1.2267, 0.8027 0.6447 1.2267, 0.8170 0.6713 1.2081, 0.8142 0.6424 1.2081, 0.8243 0.6713 1.1873, 0.8058 0.6147 1.2081, 0.7949 0.6192 1.2267, 0.7805 0.6252 1.2423, 0.7633 0.6323 1.2540, 0.7441 0.6403 1.2613, 0.7982 0.5851 1.1873, 0.7921 0.5892 1.2081, 0.7824 0.5957 1.2267, 0.7694 0.6044 1.2423, 0.7539 0.6147 1.2540, 0.7366 0.6263 1.2613, 0.7265 0.6140 1.2613, 0.7412 0.5993 1.2540, 0.7544 0.5861 1.2423, 0.7655 0.5751 1.2267, 0.7738 0.5668 1.2081, 0.7789 0.5616 1.1873, 0.7143 0.6039 1.2613, 0.7258 0.5866 1.2540, 0.7362 0.5711 1.2423, 0.7449 0.5582 1.2267, 0.7514 0.5484 1.2081, 0.7258 0.5348 1.2081, 0.7213 0.5456 1.2267, 0.7154 0.5600 1.2423, 0.7082 0.5772 1.2540, 0.7003 0.5965 1.2613, 0.6995 0.5192 1.1873, 0.6981 0.5264 1.2081, 0.6958 0.5379 1.2267, 0.6928 0.5532 1.2423, 0.6891 0.5715 1.2540, 0.6851 0.5919 1.2613, 0.6693 0.5903 1.2613, 0.6693 0.5695 1.2540, 0.6693 0.5508 1.2423, 0.6693 0.5353 1.2267, 0.6693 0.5235 1.2081, 0.6693 0.5162 1.1873, 0.6535 0.5919 1.2613, 0.6494 0.5715 1.2540, 0.6458 0.5532 1.2423, 0.6428 0.5379 1.2267, 0.6405 0.5264 1.2081, 0.6128 0.5348 1.2081, 0.6172 0.5456 1.2267, 0.6232 0.5600 1.2423, 0.6303 0.5772 1.2540, 0.6383 0.5965 1.2613, 0.5832 0.5424 1.1873, 0.5872 0.5484 1.2081, 0.5937 0.5582 1.2267, 0.6024 0.5711 1.2423, 0.6128 0.5866 1.2540, 0.6243 0.6039 1.2613, 0.6120 0.6140 1.2613, 0.5973 0.5993 1.2540, 0.5841 0.5861 1.2423, 0.5731 0.5751 1.2267, 0.5648 0.5668 1.2081, 0.5597 0.5616 1.1873, 0.6020 0.6263 1.2613, 0.5847 0.6147 1.2540, 0.5692 0.6044 1.2423, 0.5562 0.5957 1.2267, 0.5465 0.5892 1.2081, 0.5328 0.6147 1.2081, 0.5436 0.6192 1.2267, 0.5580 0.6252 1.2423, 0.5753 0.6323 1.2540, 0.5945 0.6403 1.2613, 0.5173 0.6410 1.1873, 0.5244 0.6424 1.2081, 0.5359 0.6447 1.2267, 0.5512 0.6478 1.2423, 0.5695 0.6514 1.2540, 0.5899 0.6555 1.2613, 0.5883 0.6713 1.2613, 0.5675 0.6713 1.2540, 0.5489 0.6713 1.2423, 0.5333 0.6713 1.2267, 0.5216 0.6713 1.2081, 0.5143 0.6713 1.1873, 0.5899 0.6871 1.2613, 0.5695 0.6911 1.2540, 0.5512 0.6948 1.2423, 0.5359 0.6978 1.2267, 0.5244 0.7001 1.2081, 0.5328 0.7278 1.2081, 0.5436 0.7233 1.2267, 0.5580 0.7173 1.2423, 0.5753 0.7102 1.2540, 0.5945 0.7022 1.2613, 0.5404 0.7574 1.1873, 0.5465 0.7533 1.2081, 0.5562 0.7468 1.2267, 0.5692 0.7382 1.2423, 0.5847 0.7278 1.2540, 0.6020 0.7162 1.2613, 0.6120 0.7285 1.2613, 0.5973 0.7432 1.2540, 0.5841 0.7564 1.2423, 0.5731 0.7674 1.2267, 0.5648 0.7757 1.2081, 0.5597 0.7809 1.1873, 0.6243 0.7386 1.2613, 0.6128 0.7559 1.2540, 0.6024 0.7714 1.2423, 0.5937 0.7843 1.2267, 0.5872 0.7941 1.2081, 0.6128 0.8077 1.2081, 0.6172 0.7969 1.2267, 0.6232 0.7825 1.2423, 0.6303 0.7653 1.2540, 0.6383 0.7461 1.2613, 0.6391 0.8233 1.1873, 0.6405 0.8162 1.2081, 0.6428 0.8047 1.2267, 0.6458 0.7894 1.2423, 0.6494 0.7711 1.2540, 0.6535 0.7507 1.2613, 0.6693 0.7522 1.2613, 0.6693 0.7730 1.2540, 0.6693 0.7917 1.2423, 0.6693 0.8073 1.2267, 0.6693 0.8190 1.2081, 0.6693 0.8263 1.1873, 0.6851 0.7507 1.2613, 0.6891 0.7711 1.2540, 0.6928 0.7894 1.2423, 0.6958 0.8047 1.2267, 0.6981 0.8162 1.2081, 0.7258 0.8077 1.2081, 0.7213 0.7969 1.2267, 0.7154 0.7825 1.2423, 0.7082 0.7653 1.2540, 0.7003 0.7461 1.2613, 0.7554 0.8001 1.1873, 0.7514 0.7941 1.2081, 0.7449 0.7843 1.2267, 0.7362 0.7714 1.2423, 0.7258 0.7559 1.2540, 0.7143 0.7386 1.2613, 0.7265 0.7285 1.2613, 0.7412 0.7432 1.2540, 0.7544 0.7564 1.2423, 0.7655 0.7674 1.2267, 0.7738 0.7757 1.2081, 0.7789 0.7809 1.1873, 0.7366 0.7162 1.2613, 0.7539 0.7278 1.2540, 0.7694 0.7382 1.2423, 0.7824 0.7468 1.2267, 0.7921 0.7533 1.2081, 0.8058 0.7278 1.2081, 0.7949 0.7233 1.2267, 0.7805 0.7173 1.2423, 0.7633 0.7102 1.2540, 0.7441 0.7022 1.2613, 0.8213 0.7015 1.1873, 0.8142 0.7001 1.2081, 0.8027 0.6978 1.2267, 0.7874 0.6948 1.2423, 0.7691 0.6911 1.2540, 0.7487 0.6871 1.2613, 0.5404 -0.7534 1.1873, 0.5261 -0.7266 1.1873, 0.5597 -0.7769 1.1873, 0.5832 -0.7962 1.1873, 0.6100 -0.8105 1.1873, 0.6391 -0.8194 1.1873, 0.6693 -0.8223 1.1873, 0.6995 -0.8194 1.1873, 0.7286 -0.8105 1.1873, 0.7554 -0.7962 1.1873, 0.7789 -0.7769 1.1873, 0.7982 -0.7534 1.1873, 0.8125 -0.7266 1.1873, 0.8213 -0.6976 1.1873, 0.8243 -0.6673 1.1873, 0.8213 -0.6371 1.1873, 0.8125 -0.6080 1.1873, 0.7982 -0.5812 1.1873, 0.7789 -0.5577 1.1873, 0.7554 -0.5384 1.1873, 0.7286 -0.5241 1.1873, 0.6995 -0.5153 1.1873, 0.6693 -0.5123 1.1873, 0.6391 -0.5153 1.1873, 0.6100 -0.5241 1.1873, 0.5832 -0.5384 1.1873, 0.5597 -0.5577 1.1873, 0.5404 -0.5812 1.1873, 0.5261 -0.6080 1.1873, 0.5173 -0.6371 1.1873, 0.5143 -0.6673 1.1873, 0.5173 -0.6976 1.1873, 0.5244 -0.6385 1.2081, 0.5328 -0.6108 1.2081, 0.5465 -0.5852 1.2081, 0.5648 -0.5629 1.2081, 0.5872 -0.5445 1.2081, 0.6128 -0.5308 1.2081, 0.6405 -0.5224 1.2081, 0.6693 -0.5196 1.2081, 0.6981 -0.5224 1.2081, 0.7258 -0.5308 1.2081, 0.7514 -0.5445 1.2081, 0.7738 -0.5629 1.2081, 0.7921 -0.5852 1.2081, 0.8058 -0.6108 1.2081, 0.8142 -0.6385 1.2081, 0.8170 -0.6673 1.2081, 0.8142 -0.6961 1.2081, 0.8058 -0.7239 1.2081, 0.7921 -0.7494 1.2081, 0.7738 -0.7718 1.2081, 0.7514 -0.7902 1.2081, 0.7258 -0.8038 1.2081, 0.6981 -0.8122 1.2081, 0.6693 -0.8151 1.2081, 0.6405 -0.8122 1.2081, 0.6128 -0.8038 1.2081, 0.5872 -0.7902 1.2081, 0.5648 -0.7718 1.2081, 0.5465 -0.7494 1.2081, 0.5328 -0.7239 1.2081, 0.5244 -0.6961 1.2081, 0.5216 -0.6673 1.2081, 0.5359 -0.6408 1.2267, 0.5436 -0.6153 1.2267, 0.5562 -0.5918 1.2267, 0.5731 -0.5712 1.2267, 0.5937 -0.5542 1.2267, 0.6172 -0.5417 1.2267, 0.6428 -0.5339 1.2267, 0.6693 -0.5313 1.2267, 0.6958 -0.5339 1.2267, 0.7213 -0.5417 1.2267, 0.7449 -0.5542 1.2267, 0.7655 -0.5712 1.2267, 0.7824 -0.5918 1.2267, 0.7949 -0.6153 1.2267, 0.8027 -0.6408 1.2267, 0.8053 -0.6673 1.2267, 0.8027 -0.6939 1.2267, 0.7949 -0.7194 1.2267, 0.7824 -0.7429 1.2267, 0.7655 -0.7635 1.2267, 0.7449 -0.7804 1.2267, 0.7213 -0.7930 1.2267, 0.6958 -0.8007 1.2267, 0.6693 -0.8033 1.2267, 0.6428 -0.8007 1.2267, 0.6172 -0.7930 1.2267, 0.5937 -0.7804 1.2267, 0.5731 -0.7635 1.2267, 0.5562 -0.7429 1.2267, 0.5436 -0.7194 1.2267, 0.5359 -0.6939 1.2267, 0.5333 -0.6673 1.2267, 0.5512 -0.6438 1.2423, 0.5580 -0.6212 1.2423, 0.5692 -0.6004 1.2423, 0.5841 -0.5822 1.2423, 0.6024 -0.5672 1.2423, 0.6232 -0.5561 1.2423, 0.6458 -0.5492 1.2423, 0.6693 -0.5469 1.2423, 0.6928 -0.5492 1.2423, 0.7154 -0.5561 1.2423, 0.7362 -0.5672 1.2423, 0.7544 -0.5822 1.2423, 0.7694 -0.6004 1.2423, 0.7805 -0.6212 1.2423, 0.7874 -0.6438 1.2423, 0.7897 -0.6673 1.2423, 0.7874 -0.6908 1.2423, 0.7805 -0.7134 1.2423, 0.7694 -0.7342 1.2423, 0.7544 -0.7525 1.2423, 0.7362 -0.7675 1.2423, 0.7154 -0.7786 1.2423, 0.6928 -0.7854 1.2423, 0.6693 -0.7877 1.2423, 0.6458 -0.7854 1.2423, 0.6232 -0.7786 1.2423, 0.6024 -0.7675 1.2423, 0.5841 -0.7525 1.2423, 0.5692 -0.7342 1.2423, 0.5580 -0.7134 1.2423, 0.5512 -0.6908 1.2423, 0.5489 -0.6673 1.2423, 0.5695 -0.6475 1.2540, 0.5753 -0.6284 1.2540, 0.5847 -0.6108 1.2540, 0.5973 -0.5954 1.2540, 0.6128 -0.5827 1.2540, 0.6303 -0.5733 1.2540, 0.6494 -0.5675 1.2540, 0.6693 -0.5656 1.2540, 0.6891 -0.5675 1.2540, 0.7082 -0.5733 1.2540, 0.7258 -0.5827 1.2540, 0.7412 -0.5954 1.2540, 0.7539 -0.6108 1.2540, 0.7633 -0.6284 1.2540, 0.7691 -0.6475 1.2540, 0.7711 -0.6673 1.2540, 0.7691 -0.6872 1.2540, 0.7633 -0.7063 1.2540, 0.7539 -0.7239 1.2540, 0.7412 -0.7393 1.2540, 0.7258 -0.7519 1.2540, 0.7082 -0.7613 1.2540, 0.6891 -0.7671 1.2540, 0.6693 -0.7691 1.2540, 0.6494 -0.7671 1.2540, 0.6303 -0.7613 1.2540, 0.6128 -0.7519 1.2540, 0.5973 -0.7393 1.2540, 0.5847 -0.7239 1.2540, 0.5753 -0.7063 1.2540, 0.5695 -0.6872 1.2540, 0.5675 -0.6673 1.2540, 0.5899 -0.6515 1.2613, 0.5945 -0.6363 1.2613, 0.6020 -0.6223 1.2613, 0.6120 -0.6101 1.2613, 0.6243 -0.6000 1.2613, 0.6383 -0.5925 1.2613, 0.6535 -0.5879 1.2613, 0.6693 -0.5864 1.2613, 0.6851 -0.5879 1.2613, 0.7003 -0.5925 1.2613, 0.7143 -0.6000 1.2613, 0.7265 -0.6101 1.2613, 0.7366 -0.6223 1.2613, 0.7441 -0.6363 1.2613, 0.7487 -0.6515 1.2613, 0.7502 -0.6673 1.2613, 0.7487 -0.6831 1.2613, 0.7441 -0.6983 1.2613, 0.7366 -0.7123 1.2613, 0.7265 -0.7246 1.2613, 0.7143 -0.7346 1.2613, 0.7003 -0.7421 1.2613, 0.6851 -0.7467 1.2613, 0.6693 -0.7483 1.2613, 0.6535 -0.7467 1.2613, 0.6383 -0.7421 1.2613, 0.6243 -0.7346 1.2613, 0.6120 -0.7246 1.2613, 0.6020 -0.7123 1.2613, 0.5945 -0.6983 1.2613, 0.5899 -0.6831 1.2613, 0.5883 -0.6673 1.2613, -0.5261 -0.6080 1.1873, -0.5404 -0.5812 1.1873, -0.6100 -0.5241 1.1873, -0.6391 -0.5153 1.1873, -0.7286 -0.5241 1.1873, -0.7554 -0.5384 1.1873, -0.8125 -0.6080 1.1873, -0.8213 -0.6371 1.1873, -0.8125 -0.7266 1.1873, -0.7982 -0.7534 1.1873, -0.7286 -0.8105 1.1873, -0.6995 -0.8194 1.1873, -0.6100 -0.8105 1.1873, -0.5832 -0.7962 1.1873, -0.5261 -0.7266 1.1873, -0.5173 -0.6976 1.1873, -0.5883 -0.6673 1.2613, -0.5899 -0.6831 1.2613, -0.5675 -0.6673 1.2540, -0.5695 -0.6872 1.2540, -0.5489 -0.6673 1.2423, -0.5512 -0.6908 1.2423, -0.5333 -0.6673 1.2267, -0.5359 -0.6939 1.2267, -0.5216 -0.6673 1.2081, -0.5244 -0.6961 1.2081, -0.5143 -0.6673 1.1873, -0.5328 -0.7239 1.2081, -0.5436 -0.7194 1.2267, -0.5580 -0.7134 1.2423, -0.5753 -0.7063 1.2540, -0.5945 -0.6983 1.2613, -0.5404 -0.7534 1.1873, -0.5465 -0.7494 1.2081, -0.5562 -0.7429 1.2267, -0.5692 -0.7342 1.2423, -0.5847 -0.7239 1.2540, -0.6020 -0.7123 1.2613, -0.6120 -0.7246 1.2613, -0.5973 -0.7393 1.2540, -0.5841 -0.7525 1.2423, -0.5731 -0.7635 1.2267, -0.5648 -0.7718 1.2081, -0.5597 -0.7769 1.1873, -0.6243 -0.7346 1.2613, -0.6128 -0.7519 1.2540, -0.6024 -0.7675 1.2423, -0.5937 -0.7804 1.2267, -0.5872 -0.7902 1.2081, -0.6128 -0.8038 1.2081, -0.6172 -0.7930 1.2267, -0.6232 -0.7786 1.2423, -0.6303 -0.7613 1.2540, -0.6383 -0.7421 1.2613, -0.6391 -0.8194 1.1873, -0.6405 -0.8122 1.2081, -0.6428 -0.8007 1.2267, -0.6458 -0.7854 1.2423, -0.6494 -0.7671 1.2540, -0.6535 -0.7467 1.2613, -0.6693 -0.7483 1.2613, -0.6693 -0.7691 1.2540, -0.6693 -0.7877 1.2423, -0.6693 -0.8033 1.2267, -0.6693 -0.8151 1.2081, -0.6693 -0.8223 1.1873, -0.6851 -0.7467 1.2613, -0.6891 -0.7671 1.2540, -0.6928 -0.7854 1.2423, -0.6958 -0.8007 1.2267, -0.6981 -0.8122 1.2081, -0.7258 -0.8038 1.2081, -0.7213 -0.7930 1.2267, -0.7154 -0.7786 1.2423, -0.7082 -0.7613 1.2540, -0.7003 -0.7421 1.2613, -0.7554 -0.7962 1.1873, -0.7514 -0.7902 1.2081, -0.7449 -0.7804 1.2267, -0.7362 -0.7675 1.2423, -0.7258 -0.7519 1.2540, -0.7143 -0.7346 1.2613, -0.7265 -0.7246 1.2613, -0.7412 -0.7393 1.2540, -0.7544 -0.7525 1.2423, -0.7655 -0.7635 1.2267, -0.7738 -0.7718 1.2081, -0.7789 -0.7769 1.1873, -0.7366 -0.7123 1.2613, -0.7539 -0.7239 1.2540, -0.7694 -0.7342 1.2423, -0.7824 -0.7429 1.2267, -0.7921 -0.7494 1.2081, -0.8058 -0.7239 1.2081, -0.7949 -0.7194 1.2267, -0.7805 -0.7134 1.2423, -0.7633 -0.7063 1.2540, -0.7441 -0.6983 1.2613, -0.8213 -0.6976 1.1873, -0.8142 -0.6961 1.2081, -0.8027 -0.6939 1.2267, -0.7874 -0.6908 1.2423, -0.7691 -0.6872 1.2540, -0.7487 -0.6831 1.2613, -0.7502 -0.6673 1.2613, -0.7711 -0.6673 1.2540, -0.7897 -0.6673 1.2423, -0.8053 -0.6673 1.2267, -0.8170 -0.6673 1.2081, -0.8243 -0.6673 1.1873, -0.7487 -0.6515 1.2613, -0.7691 -0.6475 1.2540, -0.7874 -0.6438 1.2423, -0.8027 -0.6408 1.2267, -0.8142 -0.6385 1.2081, -0.8058 -0.6108 1.2081, -0.7949 -0.6153 1.2267, -0.7805 -0.6212 1.2423, -0.7633 -0.6284 1.2540, -0.7441 -0.6363 1.2613, -0.7982 -0.5812 1.1873, -0.7921 -0.5852 1.2081, -0.7824 -0.5918 1.2267, -0.7694 -0.6004 1.2423, -0.7539 -0.6108 1.2540, -0.7366 -0.6223 1.2613, -0.7265 -0.6101 1.2613, -0.7412 -0.5954 1.2540, -0.7544 -0.5822 1.2423, -0.7655 -0.5712 1.2267, -0.7738 -0.5629 1.2081, -0.7789 -0.5577 1.1873, -0.7143 -0.6000 1.2613, -0.7258 -0.5827 1.2540, -0.7362 -0.5672 1.2423, -0.7449 -0.5542 1.2267, -0.7514 -0.5445 1.2081, -0.7258 -0.5308 1.2081, -0.7213 -0.5417 1.2267, -0.7154 -0.5561 1.2423, -0.7082 -0.5733 1.2540, -0.7003 -0.5925 1.2613, -0.6995 -0.5153 1.1873, -0.6981 -0.5224 1.2081, -0.6958 -0.5339 1.2267, -0.6928 -0.5492 1.2423, -0.6891 -0.5675 1.2540, -0.6851 -0.5879 1.2613, -0.6693 -0.5864 1.2613, -0.6693 -0.5656 1.2540, -0.6693 -0.5469 1.2423, -0.6693 -0.5313 1.2267, -0.6693 -0.5196 1.2081, -0.6693 -0.5123 1.1873, -0.6535 -0.5879 1.2613, -0.6494 -0.5675 1.2540, -0.6458 -0.5492 1.2423, -0.6428 -0.5339 1.2267, -0.6405 -0.5224 1.2081, -0.6128 -0.5308 1.2081, -0.6172 -0.5417 1.2267, -0.6232 -0.5561 1.2423, -0.6303 -0.5733 1.2540, -0.6383 -0.5925 1.2613, -0.5832 -0.5384 1.1873, -0.5872 -0.5445 1.2081, -0.5937 -0.5542 1.2267, -0.6024 -0.5672 1.2423, -0.6128 -0.5827 1.2540, -0.6243 -0.6000 1.2613, -0.6120 -0.6101 1.2613, -0.5973 -0.5954 1.2540, -0.5841 -0.5822 1.2423, -0.5731 -0.5712 1.2267, -0.5648 -0.5629 1.2081, -0.5597 -0.5577 1.1873, -0.6020 -0.6223 1.2613, -0.5847 -0.6108 1.2540, -0.5692 -0.6004 1.2423, -0.5562 -0.5918 1.2267, -0.5465 -0.5852 1.2081, -0.5328 -0.6108 1.2081, -0.5436 -0.6153 1.2267, -0.5580 -0.6212 1.2423, -0.5753 -0.6284 1.2540, -0.5945 -0.6363 1.2613, -0.5173 -0.6371 1.1873, -0.5244 -0.6385 1.2081, -0.5359 -0.6408 1.2267, -0.5512 -0.6438 1.2423, -0.5695 -0.6475 1.2540, -0.5899 -0.6515 1.2613, -0.5899 -0.6515 1.2613
            ]
        }
        coordIndex [
            0 1 2 -1,0 2 3 -1,1 0 4 -1,4 0 5 -1,4 5 6 -1,6 5 7 -1,7 5 8 -1,7 8 9 -1,9 8 10 -1,10 8 11 -1,10 11 12 -1,12 11 13 -1,13 11 14 -1,13 14 15 -1,15 14 16 -1,16 14 17 -1,16 17 18 -1,18 17 19 -1,19 17 20 -1,19 20 21 -1,21 20 22 -1,22 20 23 -1,22 23 24 -1,24 23 25 -1,25 23 26 -1,25 26 27 -1,27 26 28 -1,28 26 29 -1,28 29 30 -1,30 29 31 -1,31 29 32 -1,31 32 33 -1,33 32 34 -1,34 32 35 -1,34 35 36 -1,36 35 37 -1,37 35 38 -1,37 38 39 -1,40 41 42 -1,42 41 43 -1,42 43 38 -1,38 43 44 -1,38 44 39 -1,45 46 47 -1,47 46 48 -1,47 48 40 -1,40 48 49 -1,40 49 41 -1,45 47 50 -1,50 47 51 -1,50 51 52 -1,52 51 53 -1,52 53 54 -1,54 53 55 -1,55 53 56 -1,55 56 57 -1,58 59 60 -1,60 59 61 -1,60 61 56 -1,56 61 62 -1,56 62 57 -1,63 64 58 -1,58 64 65 -1,58 65 59 -1,66 67 63 -1,63 67 68 -1,63 68 64 -1,2 69 3 -1,3 69 70 -1,3 70 66 -1,66 70 71 -1,66 71 67 -1,72 73 74 -1,72 74 75 -1,76 77 74 -1,74 77 78 -1,74 78 75 -1,79 80 74 -1,74 80 81 -1,74 81 76 -1,82 83 74 -1,74 83 84 -1,74 84 79 -1,85 86 74 -1,74 86 87 -1,74 87 82 -1,88 89 74 -1,74 89 90 -1,74 90 85 -1,91 92 74 -1,74 92 93 -1,74 93 88 -1,94 95 74 -1,74 95 96 -1,74 96 91 -1,97 98 74 -1,74 98 99 -1,74 99 94 -1,100 101 74 -1,74 101 102 -1,74 102 97 -1,73 103 74 -1,74 103 104 -1,74 104 100 -1,105 106 107 -1,105 107 108 -1,109 110 111 -1,111 110 112 -1,111 112 105 -1,105 112 113 -1,105 113 106 -1,114 115 116 -1,116 115 117 -1,116 117 109 -1,109 117 118 -1,109 118 110 -1,114 116 119 -1,119 116 120 -1,119 120 121 -1,121 120 122 -1,121 122 123 -1,123 122 124 -1,124 122 125 -1,124 125 126 -1,127 128 129 -1,129 128 130 -1,129 130 125 -1,125 130 131 -1,125 131 126 -1,132 133 134 -1,134 133 135 -1,134 135 127 -1,127 135 136 -1,127 136 128 -1,132 134 137 -1,137 134 138 -1,137 138 139 -1,139 138 140 -1,139 140 141 -1,141 140 142 -1,142 140 143 -1,142 143 144 -1,145 146 147 -1,147 146 148 -1,147 148 143 -1,143 148 149 -1,143 149 144 -1,150 151 152 -1,152 151 153 -1,152 153 145 -1,145 153 154 -1,145 154 146 -1,150 152 155 -1,155 152 156 -1,155 156 157 -1,157 156 158 -1,157 158 159 -1,159 158 160 -1,160 158 161 -1,160 161 162 -1,162 161 163 -1,163 161 164 -1,163 164 165 -1,165 164 166 -1,166 164 167 -1,166 167 168 -1,168 167 169 -1,169 167 170 -1,169 170 171 -1,107 172 108 -1,108 172 173 -1,108 173 174 -1,174 173 175 -1,174 175 170 -1,170 175 176 -1,170 176 171 -1,177 178 179 -1,177 179 180 -1,181 182 179 -1,179 182 183 -1,179 183 180 -1,184 185 179 -1,179 185 186 -1,179 186 181 -1,187 188 179 -1,179 188 189 -1,179 189 184 -1,190 191 179 -1,179 191 192 -1,179 192 187 -1,193 194 179 -1,179 194 195 -1,179 195 190 -1,196 197 179 -1,179 197 198 -1,179 198 193 -1,199 200 179 -1,179 200 201 -1,179 201 196 -1,202 203 179 -1,179 203 204 -1,179 204 199 -1,205 206 179 -1,179 206 207 -1,179 207 202 -1,178 208 179 -1,179 208 209 -1,179 209 205 -1,210 211 212 -1,210 212 213 -1,211 210 214 -1,214 210 215 -1,214 215 216 -1,216 215 217 -1,217 215 218 -1,217 218 219 -1,219 218 220 -1,220 218 221 -1,220 221 222 -1,222 221 223 -1,223 221 224 -1,223 224 225 -1,225 224 226 -1,226 224 227 -1,226 227 228 -1,228 227 229 -1,229 227 230 -1,229 230 231 -1,231 230 232 -1,232 230 233 -1,232 233 234 -1,234 233 235 -1,235 233 236 -1,235 236 237 -1,237 236 238 -1,238 236 239 -1,238 239 240 -1,240 239 241 -1,241 239 242 -1,241 242 243 -1,243 242 244 -1,244 242 245 -1,244 245 246 -1,246 245 247 -1,247 245 248 -1,247 248 249 -1,249 248 250 -1,250 248 251 -1,250 251 252 -1,252 251 253 -1,253 251 254 -1,253 254 255 -1,255 254 256 -1,256 254 257 -1,256 257 258 -1,259 260 261 -1,261 260 262 -1,261 262 257 -1,257 262 263 -1,257 263 258 -1,264 265 259 -1,259 265 266 -1,259 266 260 -1,267 268 264 -1,264 268 269 -1,264 269 265 -1,270 271 267 -1,267 271 272 -1,267 272 268 -1,273 274 270 -1,270 274 275 -1,270 275 271 -1,276 277 273 -1,273 277 278 -1,273 278 274 -1,212 279 213 -1,213 279 280 -1,213 280 276 -1,276 280 281 -1,276 281 277 -1,282 283 284 -1,282 284 285 -1,286 287 284 -1,284 287 288 -1,284 288 285 -1,289 290 284 -1,284 290 291 -1,284 291 286 -1,292 293 284 -1,284 293 294 -1,284 294 289 -1,295 296 284 -1,284 296 297 -1,284 297 292 -1,298 299 284 -1,284 299 300 -1,284 300 295 -1,301 302 284 -1,284 302 303 -1,284 303 298 -1,304 305 284 -1,284 305 306 -1,284 306 301 -1,307 308 284 -1,284 308 309 -1,284 309 304 -1,310 311 284 -1,284 311 312 -1,284 312 307 -1,283 313 284 -1,284 313 314 -1,284 314 310 -1,315 316 317 -1,317 316 318 -1,317 318 319 -1,315 317 320 -1,320 317 321 -1,320 321 322 -1,322 321 323 -1,322 323 324 -1,324 323 325 -1,325 323 326 -1,325 326 327 -1,328 329 330 -1,330 329 331 -1,330 331 326 -1,326 331 332 -1,326 332 327 -1,333 334 335 -1,335 334 336 -1,335 336 328 -1,328 336 337 -1,328 337 329 -1,333 335 338 -1,338 335 339 -1,338 339 340 -1,340 339 341 -1,340 341 342 -1,342 341 343 -1,343 341 344 -1,343 344 345 -1,346 347 348 -1,348 347 349 -1,348 349 344 -1,344 349 350 -1,344 350 345 -1,351 352 353 -1,353 352 354 -1,353 354 346 -1,346 354 355 -1,346 355 347 -1,351 353 356 -1,356 353 357 -1,356 357 358 -1,358 357 359 -1,358 359 360 -1,360 359 361 -1,361 359 362 -1,361 362 363 -1,363 362 364 -1,364 362 365 -1,364 365 366 -1,366 365 367 -1,367 365 368 -1,367 368 369 -1,369 368 370 -1,370 368 371 -1,370 371 372 -1,373 374 375 -1,375 374 376 -1,375 376 371 -1,371 376 377 -1,371 377 372 -1,378 379 373 -1,373 379 380 -1,373 380 374 -1,381 382 378 -1,378 382 383 -1,378 383 379 -1,318 384 319 -1,319 384 385 -1,319 385 381 -1,381 385 386 -1,381 386 382 -1,387 388 389 -1,387 389 390 -1,391 392 389 -1,389 392 393 -1,389 393 390 -1,394 395 389 -1,389 395 396 -1,389 396 391 -1,397 398 389 -1,389 398 399 -1,389 399 394 -1,400 401 389 -1,389 401 402 -1,389 402 397 -1,403 404 389 -1,389 404 405 -1,389 405 400 -1,406 407 389 -1,389 407 408 -1,389 408 403 -1,409 410 389 -1,389 410 411 -1,389 411 406 -1,412 413 389 -1,389 413 414 -1,389 414 409 -1,415 416 389 -1,389 416 417 -1,389 417 412 -1,388 418 389 -1,389 418 419 -1,389 419 415 -1,112 420 421 -1,112 110 420 -1,420 110 118 -1,420 118 422 -1,422 118 117 -1,422 117 423 -1,423 117 115 -1,423 115 424 -1,115 114 424 -1,424 114 119 -1,424 119 425 -1,119 121 425 -1,425 121 123 -1,425 123 426 -1,426 123 124 -1,426 124 427 -1,427 124 126 -1,427 126 428 -1,126 131 428 -1,428 131 130 -1,428 130 429 -1,130 128 429 -1,429 128 136 -1,429 136 430 -1,430 136 135 -1,430 135 431 -1,431 135 133 -1,431 133 432 -1,133 132 432 -1,432 132 137 -1,432 137 433 -1,137 139 433 -1,433 139 141 -1,433 141 434 -1,434 141 142 -1,434 142 435 -1,435 142 144 -1,435 144 436 -1,144 149 436 -1,436 149 148 -1,436 148 437 -1,148 146 437 -1,437 146 154 -1,437 154 438 -1,438 154 153 -1,438 153 439 -1,439 153 151 -1,439 151 440 -1,151 150 440 -1,440 150 155 -1,440 155 441 -1,155 157 441 -1,441 157 159 -1,441 159 442 -1,442 159 160 -1,442 160 443 -1,443 160 162 -1,443 162 444 -1,162 163 444 -1,444 163 165 -1,444 165 445 -1,165 166 445 -1,445 166 168 -1,445 168 446 -1,446 168 169 -1,446 169 447 -1,447 169 171 -1,447 171 448 -1,171 176 448 -1,448 176 175 -1,448 175 449 -1,175 173 449 -1,449 173 172 -1,449 172 450 -1,450 172 107 -1,450 107 451 -1,451 107 106 -1,451 106 421 -1,421 106 113 -1,421 113 112 -1,450 452 449 -1,449 452 453 -1,449 453 448 -1,448 453 454 -1,448 454 447 -1,447 454 455 -1,447 455 446 -1,446 455 456 -1,446 456 445 -1,445 456 457 -1,445 457 444 -1,444 457 458 -1,444 458 443 -1,443 458 459 -1,443 459 442 -1,442 459 460 -1,442 460 441 -1,441 460 461 -1,441 461 440 -1,440 461 462 -1,440 462 439 -1,439 462 463 -1,439 463 438 -1,438 463 464 -1,438 464 437 -1,437 464 465 -1,437 465 436 -1,436 465 466 -1,436 466 435 -1,435 466 467 -1,435 467 434 -1,434 467 468 -1,434 468 433 -1,433 468 469 -1,433 469 432 -1,432 469 470 -1,432 470 431 -1,431 470 471 -1,431 471 430 -1,430 471 472 -1,430 472 429 -1,429 472 473 -1,429 473 428 -1,428 473 474 -1,428 474 427 -1,427 474 475 -1,427 475 426 -1,426 475 476 -1,426 476 425 -1,425 476 477 -1,425 477 424 -1,424 477 478 -1,424 478 423 -1,423 478 479 -1,423 479 422 -1,422 479 480 -1,422 480 420 -1,420 480 481 -1,420 481 421 -1,421 481 482 -1,421 482 451 -1,451 482 483 -1,451 483 450 -1,450 483 452 -1,483 484 452 -1,452 484 485 -1,452 485 453 -1,453 485 486 -1,453 486 454 -1,454 486 487 -1,454 487 455 -1,455 487 488 -1,455 488 456 -1,456 488 489 -1,456 489 457 -1,457 489 490 -1,457 490 458 -1,458 490 491 -1,458 491 459 -1,459 491 492 -1,459 492 460 -1,460 492 493 -1,460 493 461 -1,461 493 494 -1,461 494 462 -1,462 494 495 -1,462 495 463 -1,463 495 496 -1,463 496 464 -1,464 496 497 -1,464 497 465 -1,465 497 498 -1,465 498 466 -1,466 498 499 -1,466 499 467 -1,467 499 500 -1,467 500 468 -1,468 500 501 -1,468 501 469 -1,469 501 502 -1,469 502 470 -1,470 502 503 -1,470 503 471 -1,471 503 504 -1,471 504 472 -1,472 504 505 -1,472 505 473 -1,473 505 506 -1,473 506 474 -1,474 506 507 -1,474 507 475 -1,475 507 508 -1,475 508 476 -1,476 508 509 -1,476 509 477 -1,477 509 510 -1,477 510 478 -1,478 510 511 -1,478 511 479 -1,479 511 512 -1,479 512 480 -1,480 512 513 -1,480 513 481 -1,481 513 514 -1,481 514 482 -1,482 514 515 -1,482 515 483 -1,483 515 484 -1,515 516 484 -1,484 516 517 -1,484 517 485 -1,485 517 518 -1,485 518 486 -1,486 518 519 -1,486 519 487 -1,487 519 520 -1,487 520 488 -1,488 520 521 -1,488 521 489 -1,489 521 522 -1,489 522 490 -1,490 522 523 -1,490 523 491 -1,491 523 524 -1,491 524 492 -1,492 524 525 -1,492 525 493 -1,493 525 526 -1,493 526 494 -1,494 526 527 -1,494 527 495 -1,495 527 528 -1,495 528 496 -1,496 528 529 -1,496 529 497 -1,497 529 530 -1,497 530 498 -1,498 530 531 -1,498 531 499 -1,499 531 532 -1,499 532 500 -1,500 532 533 -1,500 533 501 -1,501 533 534 -1,501 534 502 -1,502 534 535 -1,502 535 503 -1,503 535 536 -1,503 536 504 -1,504 536 537 -1,504 537 505 -1,505 537 538 -1,505 538 506 -1,506 538 539 -1,506 539 507 -1,507 539 540 -1,507 540 508 -1,508 540 541 -1,508 541 509 -1,509 541 542 -1,509 542 510 -1,510 542 543 -1,510 543 511 -1,511 543 544 -1,511 544 512 -1,512 544 545 -1,512 545 513 -1,513 545 546 -1,513 546 514 -1,514 546 547 -1,514 547 515 -1,515 547 516 -1,547 548 516 -1,516 548 549 -1,516 549 517 -1,517 549 550 -1,517 550 518 -1,518 550 551 -1,518 551 519 -1,519 551 552 -1,519 552 520 -1,520 552 553 -1,520 553 521 -1,521 553 554 -1,521 554 522 -1,522 554 555 -1,522 555 523 -1,523 555 556 -1,523 556 524 -1,524 556 557 -1,524 557 525 -1,525 557 558 -1,525 558 526 -1,526 558 559 -1,526 559 527 -1,527 559 560 -1,527 560 528 -1,528 560 561 -1,528 561 529 -1,529 561 562 -1,529 562 530 -1,530 562 563 -1,530 563 531 -1,531 563 564 -1,531 564 532 -1,532 564 565 -1,532 565 533 -1,533 565 566 -1,533 566 534 -1,534 566 567 -1,534 567 535 -1,535 567 568 -1,535 568 536 -1,536 568 569 -1,536 569 537 -1,537 569 570 -1,537 570 538 -1,538 570 571 -1,538 571 539 -1,539 571 572 -1,539 572 540 -1,540 572 573 -1,540 573 541 -1,541 573 574 -1,541 574 542 -1,542 574 575 -1,542 575 543 -1,543 575 576 -1,543 576 544 -1,544 576 577 -1,544 577 545 -1,545 577 578 -1,545 578 546 -1,546 578 579 -1,546 579 547 -1,547 579 548 -1,579 580 548 -1,548 580 581 -1,548 581 549 -1,549 581 582 -1,549 582 550 -1,550 582 583 -1,550 583 551 -1,551 583 584 -1,551 584 552 -1,552 584 585 -1,552 585 553 -1,553 585 586 -1,553 586 554 -1,554 586 587 -1,554 587 555 -1,555 587 588 -1,555 588 556 -1,556 588 589 -1,556 589 557 -1,557 589 590 -1,557 590 558 -1,558 590 591 -1,558 591 559 -1,559 591 592 -1,559 592 560 -1,560 592 593 -1,560 593 561 -1,561 593 594 -1,561 594 562 -1,562 594 595 -1,562 595 563 -1,563 595 596 -1,563 596 564 -1,564 596 597 -1,564 597 565 -1,565 597 598 -1,565 598 566 -1,566 598 599 -1,566 599 567 -1,567 599 600 -1,567 600 568 -1,568 600 601 -1,568 601 569 -1,569 601 602 -1,569 602 570 -1,570 602 603 -1,570 603 571 -1,571 603 604 -1,571 604 572 -1,572 604 605 -1,572 605 573 -1,573 605 606 -1,573 606 574 -1,574 606 607 -1,574 607 575 -1,575 607 608 -1,575 608 576 -1,576 608 609 -1,576 609 577 -1,577 609 610 -1,577 610 578 -1,578 610 611 -1,578 611 579 -1,579 611 580 -1,611 180 580 -1,580 180 183 -1,580 183 581 -1,581 183 182 -1,581 182 582 -1,582 182 181 -1,582 181 583 -1,583 181 186 -1,583 186 584 -1,584 186 185 -1,584 185 585 -1,585 185 184 -1,585 184 586 -1,586 184 189 -1,586 189 587 -1,587 189 188 -1,587 188 588 -1,588 188 187 -1,588 187 589 -1,589 187 192 -1,589 192 590 -1,590 192 191 -1,590 191 591 -1,591 191 190 -1,591 190 592 -1,592 190 195 -1,592 195 593 -1,593 195 194 -1,593 194 594 -1,594 194 193 -1,594 193 595 -1,595 193 198 -1,595 198 596 -1,596 198 197 -1,596 197 597 -1,597 197 196 -1,597 196 598 -1,598 196 201 -1,598 201 599 -1,599 201 200 -1,599 200 600 -1,600 200 199 -1,600 199 601 -1,601 199 204 -1,601 204 602 -1,602 204 203 -1,602 203 603 -1,603 203 202 -1,603 202 604 -1,604 202 207 -1,604 207 605 -1,605 207 206 -1,605 206 606 -1,606 206 205 -1,606 205 607 -1,607 205 209 -1,607 209 608 -1,608 209 208 -1,608 208 609 -1,609 208 178 -1,609 178 610 -1,610 178 177 -1,610 177 611 -1,611 177 180 -1,249 250 612 -1,252 253 613 -1,258 263 614 -1,262 260 615 -1,269 268 616 -1,272 271 617 -1,278 277 618 -1,281 280 619 -1,211 214 620 -1,216 217 621 -1,222 223 622 -1,225 226 623 -1,231 232 624 -1,234 235 625 -1,240 241 626 -1,243 244 627 -1,282 285 628 -1,628 285 629 -1,628 629 630 -1,630 629 631 -1,630 631 632 -1,632 631 633 -1,632 633 634 -1,634 633 635 -1,634 635 636 -1,636 635 637 -1,636 637 638 -1,638 637 627 -1,638 627 246 -1,246 627 244 -1,241 243 626 -1,626 243 627 -1,626 627 639 -1,639 627 637 -1,639 637 640 -1,640 637 635 -1,640 635 641 -1,641 635 633 -1,641 633 642 -1,642 633 631 -1,642 631 643 -1,643 631 629 -1,643 629 288 -1,288 629 285 -1,238 240 644 -1,644 240 626 -1,644 626 645 -1,645 626 639 -1,645 639 646 -1,646 639 640 -1,646 640 647 -1,647 640 641 -1,647 641 648 -1,648 641 642 -1,648 642 649 -1,649 642 643 -1,649 643 287 -1,287 643 288 -1,287 286 649 -1,649 286 650 -1,649 650 648 -1,648 650 651 -1,648 651 647 -1,647 651 652 -1,647 652 646 -1,646 652 653 -1,646 653 645 -1,645 653 654 -1,645 654 644 -1,644 654 655 -1,644 655 238 -1,238 655 237 -1,286 291 650 -1,650 291 656 -1,650 656 651 -1,651 656 657 -1,651 657 652 -1,652 657 658 -1,652 658 653 -1,653 658 659 -1,653 659 654 -1,654 659 660 -1,654 660 655 -1,655 660 625 -1,655 625 237 -1,237 625 235 -1,232 234 624 -1,624 234 625 -1,624 625 661 -1,661 625 660 -1,661 660 662 -1,662 660 659 -1,662 659 663 -1,663 659 658 -1,663 658 664 -1,664 658 657 -1,664 657 665 -1,665 657 656 -1,665 656 290 -1,290 656 291 -1,229 231 666 -1,666 231 624 -1,666 624 667 -1,667 624 661 -1,667 661 668 -1,668 661 662 -1,668 662 669 -1,669 662 663 -1,669 663 670 -1,670 663 664 -1,670 664 671 -1,671 664 665 -1,671 665 289 -1,289 665 290 -1,289 294 671 -1,671 294 672 -1,671 672 670 -1,670 672 673 -1,670 673 669 -1,669 673 674 -1,669 674 668 -1,668 674 675 -1,668 675 667 -1,667 675 676 -1,667 676 666 -1,666 676 677 -1,666 677 229 -1,229 677 228 -1,294 293 672 -1,672 293 678 -1,672 678 673 -1,673 678 679 -1,673 679 674 -1,674 679 680 -1,674 680 675 -1,675 680 681 -1,675 681 676 -1,676 681 682 -1,676 682 677 -1,677 682 623 -1,677 623 228 -1,228 623 226 -1,223 225 622 -1,622 225 623 -1,622 623 683 -1,683 623 682 -1,683 682 684 -1,684 682 681 -1,684 681 685 -1,685 681 680 -1,685 680 686 -1,686 680 679 -1,686 679 687 -1,687 679 678 -1,687 678 292 -1,292 678 293 -1,220 222 688 -1,688 222 622 -1,688 622 689 -1,689 622 683 -1,689 683 690 -1,690 683 684 -1,690 684 691 -1,691 684 685 -1,691 685 692 -1,692 685 686 -1,692 686 693 -1,693 686 687 -1,693 687 297 -1,297 687 292 -1,297 296 693 -1,693 296 694 -1,693 694 692 -1,692 694 695 -1,692 695 691 -1,691 695 696 -1,691 696 690 -1,690 696 697 -1,690 697 689 -1,689 697 698 -1,689 698 688 -1,688 698 699 -1,688 699 220 -1,220 699 219 -1,296 295 694 -1,694 295 700 -1,694 700 695 -1,695 700 701 -1,695 701 696 -1,696 701 702 -1,696 702 697 -1,697 702 703 -1,697 703 698 -1,698 703 704 -1,698 704 699 -1,699 704 621 -1,699 621 219 -1,219 621 217 -1,214 216 620 -1,620 216 621 -1,620 621 705 -1,705 621 704 -1,705 704 706 -1,706 704 703 -1,706 703 707 -1,707 703 702 -1,707 702 708 -1,708 702 701 -1,708 701 709 -1,709 701 700 -1,709 700 300 -1,300 700 295 -1,212 211 710 -1,710 211 620 -1,710 620 711 -1,711 620 705 -1,711 705 712 -1,712 705 706 -1,712 706 713 -1,713 706 707 -1,713 707 714 -1,714 707 708 -1,714 708 715 -1,715 708 709 -1,715 709 299 -1,299 709 300 -1,299 298 715 -1,715 298 716 -1,715 716 714 -1,714 716 717 -1,714 717 713 -1,713 717 718 -1,713 718 712 -1,712 718 719 -1,712 719 711 -1,711 719 720 -1,711 720 710 -1,710 720 721 -1,710 721 212 -1,212 721 279 -1,298 303 716 -1,716 303 722 -1,716 722 717 -1,717 722 723 -1,717 723 718 -1,718 723 724 -1,718 724 719 -1,719 724 725 -1,719 725 720 -1,720 725 726 -1,720 726 721 -1,721 726 619 -1,721 619 279 -1,279 619 280 -1,277 281 618 -1,618 281 619 -1,618 619 727 -1,727 619 726 -1,727 726 728 -1,728 726 725 -1,728 725 729 -1,729 725 724 -1,729 724 730 -1,730 724 723 -1,730 723 731 -1,731 723 722 -1,731 722 302 -1,302 722 303 -1,274 278 732 -1,732 278 618 -1,732 618 733 -1,733 618 727 -1,733 727 734 -1,734 727 728 -1,734 728 735 -1,735 728 729 -1,735 729 736 -1,736 729 730 -1,736 730 737 -1,737 730 731 -1,737 731 301 -1,301 731 302 -1,301 306 737 -1,737 306 738 -1,737 738 736 -1,736 738 739 -1,736 739 735 -1,735 739 740 -1,735 740 734 -1,734 740 741 -1,734 741 733 -1,733 741 742 -1,733 742 732 -1,732 742 743 -1,732 743 274 -1,274 743 275 -1,306 305 738 -1,738 305 744 -1,738 744 739 -1,739 744 745 -1,739 745 740 -1,740 745 746 -1,740 746 741 -1,741 746 747 -1,741 747 742 -1,742 747 748 -1,742 748 743 -1,743 748 617 -1,743 617 275 -1,275 617 271 -1,268 272 616 -1,616 272 617 -1,616 617 749 -1,749 617 748 -1,749 748 750 -1,750 748 747 -1,750 747 751 -1,751 747 746 -1,751 746 752 -1,752 746 745 -1,752 745 753 -1,753 745 744 -1,753 744 304 -1,304 744 305 -1,265 269 754 -1,754 269 616 -1,754 616 755 -1,755 616 749 -1,755 749 756 -1,756 749 750 -1,756 750 757 -1,757 750 751 -1,757 751 758 -1,758 751 752 -1,758 752 759 -1,759 752 753 -1,759 753 309 -1,309 753 304 -1,309 308 759 -1,759 308 760 -1,759 760 758 -1,758 760 761 -1,758 761 757 -1,757 761 762 -1,757 762 756 -1,756 762 763 -1,756 763 755 -1,755 763 764 -1,755 764 754 -1,754 764 765 -1,754 765 265 -1,265 765 266 -1,308 307 760 -1,760 307 766 -1,760 766 761 -1,761 766 767 -1,761 767 762 -1,762 767 768 -1,762 768 763 -1,763 768 769 -1,763 769 764 -1,764 769 770 -1,764 770 765 -1,765 770 615 -1,765 615 266 -1,266 615 260 -1,263 262 614 -1,614 262 615 -1,614 615 771 -1,771 615 770 -1,771 770 772 -1,772 770 769 -1,772 769 773 -1,773 769 768 -1,773 768 774 -1,774 768 767 -1,774 767 775 -1,775 767 766 -1,775 766 312 -1,312 766 307 -1,256 258 776 -1,776 258 614 -1,776 614 777 -1,777 614 771 -1,777 771 778 -1,778 771 772 -1,778 772 779 -1,779 772 773 -1,779 773 780 -1,780 773 774 -1,780 774 781 -1,781 774 775 -1,781 775 311 -1,311 775 312 -1,311 310 781 -1,781 310 782 -1,781 782 780 -1,780 782 783 -1,780 783 779 -1,779 783 784 -1,779 784 778 -1,778 784 785 -1,778 785 777 -1,777 785 786 -1,777 786 776 -1,776 786 787 -1,776 787 256 -1,256 787 255 -1,310 314 782 -1,782 314 788 -1,782 788 783 -1,783 788 789 -1,783 789 784 -1,784 789 790 -1,784 790 785 -1,785 790 791 -1,785 791 786 -1,786 791 792 -1,786 792 787 -1,787 792 613 -1,787 613 255 -1,255 613 253 -1,250 252 612 -1,612 252 613 -1,612 613 793 -1,793 613 792 -1,793 792 794 -1,794 792 791 -1,794 791 795 -1,795 791 790 -1,795 790 796 -1,796 790 789 -1,796 789 797 -1,797 789 788 -1,797 788 313 -1,313 788 314 -1,247 249 798 -1,798 249 612 -1,798 612 799 -1,799 612 793 -1,799 793 800 -1,800 793 794 -1,800 794 801 -1,801 794 795 -1,801 795 802 -1,802 795 796 -1,802 796 803 -1,803 796 797 -1,803 797 283 -1,283 797 313 -1,283 282 803 -1,803 282 628 -1,803 628 802 -1,802 628 630 -1,802 630 801 -1,801 630 632 -1,801 632 800 -1,800 632 634 -1,800 634 799 -1,799 634 636 -1,799 636 798 -1,798 636 638 -1,798 638 247 -1,247 638 246 -1,320 804 805 -1,320 322 804 -1,804 322 324 -1,804 324 806 -1,806 324 325 -1,806 325 807 -1,807 325 327 -1,807 327 808 -1,327 332 808 -1,808 332 331 -1,808 331 809 -1,331 329 809 -1,809 329 337 -1,809 337 810 -1,810 337 336 -1,810 336 811 -1,811 336 334 -1,811 334 812 -1,334 333 812 -1,812 333 338 -1,812 338 813 -1,338 340 813 -1,813 340 342 -1,813 342 814 -1,814 342 343 -1,814 343 815 -1,815 343 345 -1,815 345 816 -1,345 350 816 -1,816 350 349 -1,816 349 817 -1,349 347 817 -1,817 347 355 -1,817 355 818 -1,818 355 354 -1,818 354 819 -1,819 354 352 -1,819 352 820 -1,352 351 820 -1,820 351 356 -1,820 356 821 -1,356 358 821 -1,821 358 360 -1,821 360 822 -1,822 360 361 -1,822 361 823 -1,823 361 363 -1,823 363 824 -1,363 364 824 -1,824 364 366 -1,824 366 825 -1,366 367 825 -1,825 367 369 -1,825 369 826 -1,826 369 370 -1,826 370 827 -1,827 370 372 -1,827 372 828 -1,372 377 828 -1,828 377 376 -1,828 376 829 -1,376 374 829 -1,829 374 380 -1,829 380 830 -1,830 380 379 -1,830 379 831 -1,831 379 383 -1,831 383 832 -1,383 382 832 -1,832 382 386 -1,832 386 833 -1,386 385 833 -1,833 385 384 -1,833 384 834 -1,834 384 318 -1,834 318 835 -1,835 318 316 -1,835 316 805 -1,805 316 315 -1,805 315 320 -1,834 836 833 -1,833 836 837 -1,833 837 832 -1,832 837 838 -1,832 838 831 -1,831 838 839 -1,831 839 830 -1,830 839 840 -1,830 840 829 -1,829 840 841 -1,829 841 828 -1,828 841 842 -1,828 842 827 -1,827 842 843 -1,827 843 826 -1,826 843 844 -1,826 844 825 -1,825 844 845 -1,825 845 824 -1,824 845 846 -1,824 846 823 -1,823 846 847 -1,823 847 822 -1,822 847 848 -1,822 848 821 -1,821 848 849 -1,821 849 820 -1,820 849 850 -1,820 850 819 -1,819 850 851 -1,819 851 818 -1,818 851 852 -1,818 852 817 -1,817 852 853 -1,817 853 816 -1,816 853 854 -1,816 854 815 -1,815 854 855 -1,815 855 814 -1,814 855 856 -1,814 856 813 -1,813 856 857 -1,813 857 812 -1,812 857 858 -1,812 858 811 -1,811 858 859 -1,811 859 810 -1,810 859 860 -1,810 860 809 -1,809 860 861 -1,809 861 808 -1,808 861 862 -1,808 862 807 -1,807 862 863 -1,807 863 806 -1,806 863 864 -1,806 864 804 -1,804 864 865 -1,804 865 805 -1,805 865 866 -1,805 866 835 -1,835 866 867 -1,835 867 834 -1,834 867 836 -1,867 868 836 -1,836 868 869 -1,836 869 837 -1,837 869 870 -1,837 870 838 -1,838 870 871 -1,838 871 839 -1,839 871 872 -1,839 872 840 -1,840 872 873 -1,840 873 841 -1,841 873 874 -1,841 874 842 -1,842 874 875 -1,842 875 843 -1,843 875 876 -1,843 876 844 -1,844 876 877 -1,844 877 845 -1,845 877 878 -1,845 878 846 -1,846 878 879 -1,846 879 847 -1,847 879 880 -1,847 880 848 -1,848 880 881 -1,848 881 849 -1,849 881 882 -1,849 882 850 -1,850 882 883 -1,850 883 851 -1,851 883 884 -1,851 884 852 -1,852 884 885 -1,852 885 853 -1,853 885 886 -1,853 886 854 -1,854 886 887 -1,854 887 855 -1,855 887 888 -1,855 888 856 -1,856 888 889 -1,856 889 857 -1,857 889 890 -1,857 890 858 -1,858 890 891 -1,858 891 859 -1,859 891 892 -1,859 892 860 -1,860 892 893 -1,860 893 861 -1,861 893 894 -1,861 894 862 -1,862 894 895 -1,862 895 863 -1,863 895 896 -1,863 896 864 -1,864 896 897 -1,864 897 865 -1,865 897 898 -1,865 898 866 -1,866 898 899 -1,866 899 867 -1,867 899 868 -1,899 900 868 -1,868 900 901 -1,868 901 869 -1,869 901 902 -1,869 902 870 -1,870 902 903 -1,870 903 871 -1,871 903 904 -1,871 904 872 -1,872 904 905 -1,872 905 873 -1,873 905 906 -1,873 906 874 -1,874 906 907 -1,874 907 875 -1,875 907 908 -1,875 908 876 -1,876 908 909 -1,876 909 877 -1,877 909 910 -1,877 910 878 -1,878 910 911 -1,878 911 879 -1,879 911 912 -1,879 912 880 -1,880 912 913 -1,880 913 881 -1,881 913 914 -1,881 914 882 -1,882 914 915 -1,882 915 883 -1,883 915 916 -1,883 916 884 -1,884 916 917 -1,884 917 885 -1,885 917 918 -1,885 918 886 -1,886 918 919 -1,886 919 887 -1,887 919 920 -1,887 920 888 -1,888 920 921 -1,888 921 889 -1,889 921 922 -1,889 922 890 -1,890 922 923 -1,890 923 891 -1,891 923 924 -1,891 924 892 -1,892 924 925 -1,892 925 893 -1,893 925 926 -1,893 926 894 -1,894 926 927 -1,894 927 895 -1,895 927 928 -1,895 928 896 -1,896 928 929 -1,896 929 897 -1,897 929 930 -1,897 930 898 -1,898 930 931 -1,898 931 899 -1,899 931 900 -1,931 932 900 -1,900 932 933 -1,900 933 901 -1,901 933 934 -1,901 934 902 -1,902 934 935 -1,902 935 903 -1,903 935 936 -1,903 936 904 -1,904 936 937 -1,904 937 905 -1,905 937 938 -1,905 938 906 -1,906 938 939 -1,906 939 907 -1,907 939 940 -1,907 940 908 -1,908 940 941 -1,908 941 909 -1,909 941 942 -1,909 942 910 -1,910 942 943 -1,910 943 911 -1,911 943 944 -1,911 944 912 -1,912 944 945 -1,912 945 913 -1,913 945 946 -1,913 946 914 -1,914 946 947 -1,914 947 915 -1,915 947 948 -1,915 948 916 -1,916 948 949 -1,916 949 917 -1,917 949 950 -1,917 950 918 -1,918 950 951 -1,918 951 919 -1,919 951 952 -1,919 952 920 -1,920 952 953 -1,920 953 921 -1,921 953 954 -1,921 954 922 -1,922 954 955 -1,922 955 923 -1,923 955 956 -1,923 956 924 -1,924 956 957 -1,924 957 925 -1,925 957 958 -1,925 958 926 -1,926 958 959 -1,926 959 927 -1,927 959 960 -1,927 960 928 -1,928 960 961 -1,928 961 929 -1,929 961 962 -1,929 962 930 -1,930 962 963 -1,930 963 931 -1,931 963 932 -1,963 964 932 -1,932 964 965 -1,932 965 933 -1,933 965 966 -1,933 966 934 -1,934 966 967 -1,934 967 935 -1,935 967 968 -1,935 968 936 -1,936 968 969 -1,936 969 937 -1,937 969 970 -1,937 970 938 -1,938 970 971 -1,938 971 939 -1,939 971 972 -1,939 972 940 -1,940 972 973 -1,940 973 941 -1,941 973 974 -1,941 974 942 -1,942 974 975 -1,942 975 943 -1,943 975 976 -1,943 976 944 -1,944 976 977 -1,944 977 945 -1,945 977 978 -1,945 978 946 -1,946 978 979 -1,946 979 947 -1,947 979 980 -1,947 980 948 -1,948 980 981 -1,948 981 949 -1,949 981 982 -1,949 982 950 -1,950 982 983 -1,950 983 951 -1,951 983 984 -1,951 984 952 -1,952 984 985 -1,952 985 953 -1,953 985 986 -1,953 986 954 -1,954 986 987 -1,954 987 955 -1,955 987 988 -1,955 988 956 -1,956 988 989 -1,956 989 957 -1,957 989 990 -1,957 990 958 -1,958 990 991 -1,958 991 959 -1,959 991 992 -1,959 992 960 -1,960 992 993 -1,960 993 961 -1,961 993 994 -1,961 994 962 -1,962 994 995 -1,962 995 963 -1,963 995 964 -1,995 390 964 -1,964 390 393 -1,964 393 965 -1,965 393 392 -1,965 392 966 -1,966 392 391 -1,966 391 967 -1,967 391 396 -1,967 396 968 -1,968 396 395 -1,968 395 969 -1,969 395 394 -1,969 394 970 -1,970 394 399 -1,970 399 971 -1,971 399 398 -1,971 398 972 -1,972 398 397 -1,972 397 973 -1,973 397 402 -1,973 402 974 -1,974 402 401 -1,974 401 975 -1,975 401 400 -1,975 400 976 -1,976 400 405 -1,976 405 977 -1,977 405 404 -1,977 404 978 -1,978 404 403 -1,978 403 979 -1,979 403 408 -1,979 408 980 -1,980 408 407 -1,980 407 981 -1,981 407 406 -1,981 406 982 -1,982 406 411 -1,982 411 983 -1,983 411 410 -1,983 410 984 -1,984 410 409 -1,984 409 985 -1,985 409 414 -1,985 414 986 -1,986 414 413 -1,986 413 987 -1,987 413 412 -1,987 412 988 -1,988 412 417 -1,988 417 989 -1,989 417 416 -1,989 416 990 -1,990 416 415 -1,990 415 991 -1,991 415 419 -1,991 419 992 -1,992 419 418 -1,992 418 993 -1,993 418 388 -1,993 388 994 -1,994 388 387 -1,994 387 995 -1,995 387 390 -1,39 44 996 -1,43 41 997 -1,46 45 998 -1,50 52 999 -1,57 62 1000 -1,61 59 1001 -1,68 67 1002 -1,71 70 1003 -1,1 4 1004 -1,6 7 1005 -1,12 13 1006 -1,15 16 1007 -1,21 22 1008 -1,24 25 1009 -1,30 31 1010 -1,33 34 1011 -1,72 75 1012 -1,1012 75 1013 -1,1012 1013 1014 -1,1014 1013 1015 -1,1014 1015 1016 -1,1016 1015 1017 -1,1016 1017 1018 -1,1018 1017 1019 -1,1018 1019 1020 -1,1020 1019 1021 -1,1020 1021 1022 -1,1022 1021 1011 -1,1022 1011 36 -1,36 1011 34 -1,31 33 1010 -1,1010 33 1011 -1,1010 1011 1023 -1,1023 1011 1021 -1,1023 1021 1024 -1,1024 1021 1019 -1,1024 1019 1025 -1,1025 1019 1017 -1,1025 1017 1026 -1,1026 1017 1015 -1,1026 1015 1027 -1,1027 1015 1013 -1,1027 1013 78 -1,78 1013 75 -1,28 30 1028 -1,1028 30 1010 -1,1028 1010 1029 -1,1029 1010 1023 -1,1029 1023 1030 -1,1030 1023 1024 -1,1030 1024 1031 -1,1031 1024 1025 -1,1031 1025 1032 -1,1032 1025 1026 -1,1032 1026 1033 -1,1033 1026 1027 -1,1033 1027 77 -1,77 1027 78 -1,77 76 1033 -1,1033 76 1034 -1,1033 1034 1032 -1,1032 1034 1035 -1,1032 1035 1031 -1,1031 1035 1036 -1,1031 1036 1030 -1,1030 1036 1037 -1,1030 1037 1029 -1,1029 1037 1038 -1,1029 1038 1028 -1,1028 1038 1039 -1,1028 1039 28 -1,28 1039 27 -1,76 81 1034 -1,1034 81 1040 -1,1034 1040 1035 -1,1035 1040 1041 -1,1035 1041 1036 -1,1036 1041 1042 -1,1036 1042 1037 -1,1037 1042 1043 -1,1037 1043 1038 -1,1038 1043 1044 -1,1038 1044 1039 -1,1039 1044 1009 -1,1039 1009 27 -1,27 1009 25 -1,22 24 1008 -1,1008 24 1009 -1,1008 1009 1045 -1,1045 1009 1044 -1,1045 1044 1046 -1,1046 1044 1043 -1,1046 1043 1047 -1,1047 1043 1042 -1,1047 1042 1048 -1,1048 1042 1041 -1,1048 1041 1049 -1,1049 1041 1040 -1,1049 1040 80 -1,80 1040 81 -1,19 21 1050 -1,1050 21 1008 -1,1050 1008 1051 -1,1051 1008 1045 -1,1051 1045 1052 -1,1052 1045 1046 -1,1052 1046 1053 -1,1053 1046 1047 -1,1053 1047 1054 -1,1054 1047 1048 -1,1054 1048 1055 -1,1055 1048 1049 -1,1055 1049 79 -1,79 1049 80 -1,79 84 1055 -1,1055 84 1056 -1,1055 1056 1054 -1,1054 1056 1057 -1,1054 1057 1053 -1,1053 1057 1058 -1,1053 1058 1052 -1,1052 1058 1059 -1,1052 1059 1051 -1,1051 1059 1060 -1,1051 1060 1050 -1,1050 1060 1061 -1,1050 1061 19 -1,19 1061 18 -1,84 83 1056 -1,1056 83 1062 -1,1056 1062 1057 -1,1057 1062 1063 -1,1057 1063 1058 -1,1058 1063 1064 -1,1058 1064 1059 -1,1059 1064 1065 -1,1059 1065 1060 -1,1060 1065 1066 -1,1060 1066 1061 -1,1061 1066 1007 -1,1061 1007 18 -1,18 1007 16 -1,13 15 1006 -1,1006 15 1007 -1,1006 1007 1067 -1,1067 1007 1066 -1,1067 1066 1068 -1,1068 1066 1065 -1,1068 1065 1069 -1,1069 1065 1064 -1,1069 1064 1070 -1,1070 1064 1063 -1,1070 1063 1071 -1,1071 1063 1062 -1,1071 1062 82 -1,82 1062 83 -1,10 12 1072 -1,1072 12 1006 -1,1072 1006 1073 -1,1073 1006 1067 -1,1073 1067 1074 -1,1074 1067 1068 -1,1074 1068 1075 -1,1075 1068 1069 -1,1075 1069 1076 -1,1076 1069 1070 -1,1076 1070 1077 -1,1077 1070 1071 -1,1077 1071 87 -1,87 1071 82 -1,87 86 1077 -1,1077 86 1078 -1,1077 1078 1076 -1,1076 1078 1079 -1,1076 1079 1075 -1,1075 1079 1080 -1,1075 1080 1074 -1,1074 1080 1081 -1,1074 1081 1073 -1,1073 1081 1082 -1,1073 1082 1072 -1,1072 1082 1083 -1,1072 1083 10 -1,10 1083 9 -1,86 85 1078 -1,1078 85 1084 -1,1078 1084 1079 -1,1079 1084 1085 -1,1079 1085 1080 -1,1080 1085 1086 -1,1080 1086 1081 -1,1081 1086 1087 -1,1081 1087 1082 -1,1082 1087 1088 -1,1082 1088 1083 -1,1083 1088 1005 -1,1083 1005 9 -1,9 1005 7 -1,4 6 1004 -1,1004 6 1005 -1,1004 1005 1089 -1,1089 1005 1088 -1,1089 1088 1090 -1,1090 1088 1087 -1,1090 1087 1091 -1,1091 1087 1086 -1,1091 1086 1092 -1,1092 1086 1085 -1,1092 1085 1093 -1,1093 1085 1084 -1,1093 1084 90 -1,90 1084 85 -1,2 1 1094 -1,1094 1 1004 -1,1094 1004 1095 -1,1095 1004 1089 -1,1095 1089 1096 -1,1096 1089 1090 -1,1096 1090 1097 -1,1097 1090 1091 -1,1097 1091 1098 -1,1098 1091 1092 -1,1098 1092 1099 -1,1099 1092 1093 -1,1099 1093 89 -1,89 1093 90 -1,89 88 1099 -1,1099 88 1100 -1,1099 1100 1098 -1,1098 1100 1101 -1,1098 1101 1097 -1,1097 1101 1102 -1,1097 1102 1096 -1,1096 1102 1103 -1,1096 1103 1095 -1,1095 1103 1104 -1,1095 1104 1094 -1,1094 1104 1105 -1,1094 1105 2 -1,2 1105 69 -1,88 93 1100 -1,1100 93 1106 -1,1100 1106 1101 -1,1101 1106 1107 -1,1101 1107 1102 -1,1102 1107 1108 -1,1102 1108 1103 -1,1103 1108 1109 -1,1103 1109 1104 -1,1104 1109 1110 -1,1104 1110 1105 -1,1105 1110 1003 -1,1105 1003 69 -1,69 1003 70 -1,67 71 1002 -1,1002 71 1003 -1,1002 1003 1111 -1,1111 1003 1110 -1,1111 1110 1112 -1,1112 1110 1109 -1,1112 1109 1113 -1,1113 1109 1108 -1,1113 1108 1114 -1,1114 1108 1107 -1,1114 1107 1115 -1,1115 1107 1106 -1,1115 1106 92 -1,92 1106 93 -1,64 68 1116 -1,1116 68 1002 -1,1116 1002 1117 -1,1117 1002 1111 -1,1117 1111 1118 -1,1118 1111 1112 -1,1118 1112 1119 -1,1119 1112 1113 -1,1119 1113 1120 -1,1120 1113 1114 -1,1120 1114 1121 -1,1121 1114 1115 -1,1121 1115 91 -1,91 1115 92 -1,91 96 1121 -1,1121 96 1122 -1,1121 1122 1120 -1,1120 1122 1123 -1,1120 1123 1119 -1,1119 1123 1124 -1,1119 1124 1118 -1,1118 1124 1125 -1,1118 1125 1117 -1,1117 1125 1126 -1,1117 1126 1116 -1,1116 1126 1127 -1,1116 1127 64 -1,64 1127 65 -1,96 95 1122 -1,1122 95 1128 -1,1122 1128 1123 -1,1123 1128 1129 -1,1123 1129 1124 -1,1124 1129 1130 -1,1124 1130 1125 -1,1125 1130 1131 -1,1125 1131 1126 -1,1126 1131 1132 -1,1126 1132 1127 -1,1127 1132 1001 -1,1127 1001 65 -1,65 1001 59 -1,62 61 1000 -1,1000 61 1001 -1,1000 1001 1133 -1,1133 1001 1132 -1,1133 1132 1134 -1,1134 1132 1131 -1,1134 1131 1135 -1,1135 1131 1130 -1,1135 1130 1136 -1,1136 1130 1129 -1,1136 1129 1137 -1,1137 1129 1128 -1,1137 1128 94 -1,94 1128 95 -1,55 57 1138 -1,1138 57 1000 -1,1138 1000 1139 -1,1139 1000 1133 -1,1139 1133 1140 -1,1140 1133 1134 -1,1140 1134 1141 -1,1141 1134 1135 -1,1141 1135 1142 -1,1142 1135 1136 -1,1142 1136 1143 -1,1143 1136 1137 -1,1143 1137 99 -1,99 1137 94 -1,99 98 1143 -1,1143 98 1144 -1,1143 1144 1142 -1,1142 1144 1145 -1,1142 1145 1141 -1,1141 1145 1146 -1,1141 1146 1140 -1,1140 1146 1147 -1,1140 1147 1139 -1,1139 1147 1148 -1,1139 1148 1138 -1,1138 1148 1149 -1,1138 1149 55 -1,55 1149 54 -1,98 97 1144 -1,1144 97 1150 -1,1144 1150 1145 -1,1145 1150 1151 -1,1145 1151 1146 -1,1146 1151 1152 -1,1146 1152 1147 -1,1147 1152 1153 -1,1147 1153 1148 -1,1148 1153 1154 -1,1148 1154 1149 -1,1149 1154 999 -1,1149 999 54 -1,54 999 52 -1,45 50 998 -1,998 50 999 -1,998 999 1155 -1,1155 999 1154 -1,1155 1154 1156 -1,1156 1154 1153 -1,1156 1153 1157 -1,1157 1153 1152 -1,1157 1152 1158 -1,1158 1152 1151 -1,1158 1151 1159 -1,1159 1151 1150 -1,1159 1150 102 -1,102 1150 97 -1,48 46 1160 -1,1160 46 998 -1,1160 998 1161 -1,1161 998 1155 -1,1161 1155 1162 -1,1162 1155 1156 -1,1162 1156 1163 -1,1163 1156 1157 -1,1163 1157 1164 -1,1164 1157 1158 -1,1164 1158 1165 -1,1165 1158 1159 -1,1165 1159 101 -1,101 1159 102 -1,101 100 1165 -1,1165 100 1166 -1,1165 1166 1164 -1,1164 1166 1167 -1,1164 1167 1163 -1,1163 1167 1168 -1,1163 1168 1162 -1,1162 1168 1169 -1,1162 1169 1161 -1,1161 1169 1170 -1,1161 1170 1160 -1,1160 1170 1171 -1,1160 1171 48 -1,48 1171 49 -1,100 104 1166 -1,1166 104 1172 -1,1166 1172 1167 -1,1167 1172 1173 -1,1167 1173 1168 -1,1168 1173 1174 -1,1168 1174 1169 -1,1169 1174 1175 -1,1169 1175 1170 -1,1170 1175 1176 -1,1170 1176 1171 -1,1171 1176 997 -1,1171 997 49 -1,49 997 41 -1,44 43 996 -1,996 43 997 -1,996 997 1177 -1,1177 997 1176 -1,1177 1176 1178 -1,1178 1176 1175 -1,1178 1175 1179 -1,1179 1175 1174 -1,1179 1174 1180 -1,1180 1174 1173 -1,1180 1173 1181 -1,1181 1173 1172 -1,1181 1172 103 -1,103 1172 104 -1,37 39 1182 -1,1182 39 996 -1,1182 996 1183 -1,1183 996 1177 -1,1183 1177 1184 -1,1184 1177 1178 -1,1184 1178 1185 -1,1185 1178 1179 -1,1185 1179 1186 -1,1186 1179 1180 -1,1186 1180 1187 -1,1187 1180 1181 -1,1187 1181 73 -1,73 1181 103 -1,73 72 1187 -1,1187 72 1012 -1,1187 1012 1186 -1,1186 1012 1014 -1,1186 1014 1185 -1,1185 1014 1016 -1,1185 1016 1184 -1,1184 1016 1018 -1,1184 1018 1183 -1,1183 1018 1020 -1,1183 1020 1182 -1,1182 1020 1022 -1,1182 1022 37 -1,37 1022 36 -1,
        ]
    }
}
Shape{
    appearance Appearance {
        material  Material {
            diffuseColor 0.7529411764705882 0.7529411764705882 0.7529411764705882
            specularColor 0.3764705882352941 0.3764705882352941 0.3764705882352941
            ambientIntensity 0.2
            transparency 0
            shininess 0.5
        }
    }
    geometry IndexedFaceSet {
        ccw TRUE
        solid FALSE
        coord DEF co Coordinate {
            point [
                -0.7677 0.8878 1.1457, -0.7677 0.8878 1.0669, -0.7983 0.8838 1.0669, -0.7983 0.8838 1.1457, -0.8268 0.8720 1.0669, -0.8268 0.8720 1.1457, -0.8512 0.8532 1.0669, -0.8512 0.8532 1.1457, -0.8700 0.8287 1.0669, -0.8700 0.8287 1.1457, -0.8818 0.8003 1.0669, -0.8818 0.8003 1.1457, -0.8858 0.7697 1.0669, -0.8858 0.7697 1.1457, 0.8858 0.7697 1.1457, 0.8858 0.7697 1.0669, 0.8818 0.8003 1.0669, 0.8818 0.8003 1.1457, 0.8700 0.8287 1.0669, 0.8700 0.8287 1.1457, 0.8512 0.8532 1.0669, 0.8512 0.8532 1.1457, 0.8268 0.8720 1.0669, 0.8268 0.8720 1.1457, 0.7983 0.8838 1.0669, 0.7983 0.8838 1.1457, 0.7677 0.8878 1.0669, 0.7677 0.8878 1.1457, 0.7677 -0.8839 1.1457, 0.7677 -0.8839 1.0669, 0.7983 -0.8798 1.0669, 0.7983 -0.8798 1.1457, 0.8268 -0.8680 1.0669, 0.8268 -0.8680 1.1457, 0.8512 -0.8493 1.0669, 0.8512 -0.8493 1.1457, 0.8700 -0.8248 1.0669, 0.8700 -0.8248 1.1457, 0.8818 -0.7963 1.0669, 0.8818 -0.7963 1.1457, 0.8858 -0.7657 1.0669, 0.8858 -0.7657 1.1457, -0.8858 -0.7657 1.1457, -0.8858 -0.7657 1.0669, -0.8818 -0.7963 1.0669, -0.8818 -0.7963 1.1457, -0.8700 -0.8248 1.0669, -0.8700 -0.8248 1.1457, -0.8512 -0.8493 1.0669, -0.8512 -0.8493 1.1457, -0.8268 -0.8680 1.0669, -0.8268 -0.8680 1.1457, -0.7983 -0.8798 1.0669, -0.7983 -0.8798 1.1457, -0.7677 -0.8839 1.0669, -0.7677 -0.8839 1.1457, -0.7677 -0.8839 1.1457
            ]
        }
        coordIndex [
            0 1 2 -1,0 2 3 -1,3 2 4 -1,3 4 5 -1,5 4 6 -1,5 6 7 -1,7 6 8 -1,7 8 9 -1,9 8 10 -1,9 10 11 -1,11 10 12 -1,11 12 13 -1,14 15 16 -1,14 16 17 -1,17 16 18 -1,17 18 19 -1,19 18 20 -1,19 20 21 -1,21 20 22 -1,21 22 23 -1,23 22 24 -1,23 24 25 -1,25 24 26 -1,25 26 27 -1,28 29 30 -1,28 30 31 -1,31 30 32 -1,31 32 33 -1,33 32 34 -1,33 34 35 -1,35 34 36 -1,35 36 37 -1,37 36 38 -1,37 38 39 -1,39 38 40 -1,39 40 41 -1,42 43 44 -1,42 44 45 -1,45 44 46 -1,45 46 47 -1,47 46 48 -1,47 48 49 -1,49 48 50 -1,49 50 51 -1,51 50 52 -1,51 52 53 -1,53 52 54 -1,53 54 55 -1,
        ]
    }
}
Shape{
    appearance Appearance {
        material  Material {
            diffuseColor 0.25098039215686274 0.25098039215686274 0.25098039215686274
            specularColor 0.12549019607843137 0.12549019607843137 0.12549019607843137
            ambientIntensity 0.2
            transparency 0
            shininess 0.5
        }
    }
    geometry IndexedFaceSet {
        ccw TRUE
        solid FALSE
        coord DEF co Coordinate {
            point [
                -0.0216 -0.8839 0.7352, -0.0216 -0.8839 0.7035, 0.0555 -0.8839 0.7035, -0.0216 -0.8839 0.8623, -0.0216 -0.8839 0.8388, 0.0555 -0.8839 0.8388, 0.1839 -0.8839 0.7110, 0.1833 -0.8839 0.7108, 0.1833 -0.8839 0.7035, 0.0860 -0.8839 0.9429, 0.0921 -0.8839 0.9437, 0.0603 -0.8839 0.9437, 0.1067 -0.8839 0.8628, 0.1015 -0.8839 0.8623, 0.1280 -0.8839 0.8623, 0.1430 -0.8839 0.9338, 0.1430 -0.8839 0.9082, 0.1646 -0.8839 0.9082, 0.1480 -0.8839 0.7357, 0.1445 -0.8839 0.7352, 0.1646 -0.8839 0.7352, 0.1304 -0.8839 0.7355, 0.1280 -0.8839 0.7363, 0.1280 -0.8839 0.7352, 0.2433 -0.8839 0.8068, 0.2433 -0.8839 0.7812, 0.2583 -0.8839 0.7812, -0.4173 -0.8839 0.8333, -0.4162 -0.8839 0.8388, -0.5927 -0.8839 0.8388, -0.0902 -0.8839 0.8800, -0.0749 -0.8839 0.8668, -0.0216 -0.8839 0.9437, -0.1546 -0.8839 0.9437, -0.1415 -0.8839 0.9349, -0.1229 -0.8839 0.9134, -0.1108 -0.8839 0.8899, -0.1070 -0.8839 0.8886, -0.1955 -0.8839 0.9620, -0.1669 -0.8839 0.9520, -0.0216 -0.8839 1.0669, -0.2734 -0.8839 0.9509, -0.2472 -0.8839 0.9610, -0.5927 -0.8839 1.0669, -0.2189 -0.8839 0.9645, -0.3908 -0.8839 0.8911, -0.3854 -0.8839 0.8961, -0.5927 -0.8839 0.9437, -0.2850 -0.8839 0.9437, -0.2872 -0.8839 0.9423, -0.3663 -0.8839 0.9088, -0.3450 -0.8839 0.9163, -0.3254 -0.8839 0.9184, -0.3006 -0.8839 0.9308, -0.3188 -0.8839 0.9180, -0.3123 -0.8839 0.9172, -0.5927 -0.8839 0.8623, -0.4128 -0.8839 0.8557, -0.4096 -0.8839 0.8623, -0.4031 -0.8839 0.8758, -0.3481 -0.8839 0.7368, -0.3584 -0.8839 0.7400, -0.5927 -0.8839 0.7352, -0.3786 -0.8839 0.7508, -0.3937 -0.8839 0.7641, -0.3961 -0.8839 0.7669, -0.4080 -0.8839 0.7853, -0.4155 -0.8839 0.8066, -0.4176 -0.8839 0.8262, -0.3229 -0.8839 0.7057, -0.3340 -0.8839 0.7141, -0.5927 -0.8839 0.7035, -0.3425 -0.8839 0.7246, -0.3474 -0.8839 0.7352, -0.5927 -0.8839 0.0039, -0.4921 -0.8839 0.0433, -0.4921 -0.8839 0.0039, -0.0216 -0.8839 0.0433, -0.2803 -0.8839 0.6998, -0.2941 -0.8839 0.6981, -0.2963 -0.8839 0.6981, -0.3097 -0.8839 0.7002, -0.3176 -0.8839 0.7035, -0.2407 -0.8839 0.7352, -0.2407 -0.8839 0.7351, -0.2475 -0.8839 0.7224, -0.2563 -0.8839 0.7125, -0.2676 -0.8839 0.7046, -0.2705 -0.8839 0.7035, -0.2514 -0.8839 0.7931, -0.1751 -0.8839 0.8330, -0.2613 -0.8839 0.8022, -0.2734 -0.8839 0.8087, -0.0900 -0.8839 0.8197, -0.0926 -0.8839 0.8306, -0.0970 -0.8839 0.8388, -0.3803 -0.8839 0.8388, -0.1634 -0.8839 0.7360, -0.1672 -0.8839 0.7373, -0.1710 -0.8839 0.7398, -0.1730 -0.8839 0.7418, -0.1713 -0.8839 0.7666, -0.1678 -0.8839 0.7690, -0.1574 -0.8839 0.8028, -0.1638 -0.8839 0.7704, -0.0648 -0.8839 0.7759, -0.0755 -0.8839 0.7613, -0.0770 -0.8839 0.7596, -0.0920 -0.8839 0.7475, -0.3770 -0.8839 0.8047, -0.3702 -0.8839 0.7930, -0.3413 -0.8839 0.7872, -0.3600 -0.8839 0.7825, -0.3476 -0.8839 0.7749, -0.3202 -0.8839 0.8060, -0.3318 -0.8839 0.7979, -0.3817 -0.8839 0.8273, -0.3811 -0.8839 0.8186, -0.0568 -0.8839 0.8330, -0.0544 -0.8839 0.8153, -0.0544 -0.8839 0.8125, -0.0573 -0.8839 0.7938, -0.1094 -0.8839 0.7393, -0.1273 -0.8839 0.7356, -0.1609 -0.8839 0.7356, -0.1774 -0.8839 0.7533, -0.1773 -0.8839 0.7549, -0.2371 -0.8839 0.7607, -0.1763 -0.8839 0.7593, -0.1742 -0.8839 0.7633, -0.3076 -0.8839 0.8108, -0.2941 -0.8839 0.8125, -0.2871 -0.8839 0.8121, -0.1754 -0.8839 0.7454, -0.1769 -0.8839 0.7493, -0.2374 -0.8839 0.7492, -0.2371 -0.8839 0.7550, -0.1597 -0.8839 0.7709, -0.1592 -0.8839 0.7709, -0.1575 -0.8839 0.7705, -0.1012 -0.8839 0.7847, -0.0950 -0.8839 0.7936, -0.0911 -0.8839 0.8037, -0.0897 -0.8839 0.8148, -0.1563 -0.8839 0.7704, -0.1307 -0.8839 0.7704, -0.1205 -0.8839 0.7723, -0.1105 -0.8839 0.7769, -0.1020 -0.8839 0.7838, -0.1387 -0.8839 0.8592, -0.3752 -0.8839 0.8537, -0.3800 -0.8839 0.8410, -0.1341 -0.8839 0.8592, -0.0979 -0.8839 0.8404, -0.1045 -0.8839 0.8479, -0.1134 -0.8839 0.8540, -0.1233 -0.8839 0.8578, -0.3693 -0.8839 0.8623, -0.2946 -0.8839 0.8757, -0.2988 -0.8839 0.8780, -0.1487 -0.8839 0.8898, -0.1608 -0.8839 0.9058, -0.1662 -0.8839 0.9109, -0.1824 -0.8839 0.9217, -0.2003 -0.8839 0.9283, -0.3116 -0.8839 0.8826, -0.3248 -0.8839 0.8842, -0.3306 -0.8839 0.8839, -0.1392 -0.8839 0.8623, -0.1409 -0.8839 0.8710, -0.2184 -0.8839 0.9303, -0.2211 -0.8839 0.9303, -0.2868 -0.8839 0.8924, -0.2400 -0.8839 0.9274, -0.2743 -0.8839 0.9079, -0.2586 -0.8839 0.9197, -0.3447 -0.8839 0.8806, -0.3574 -0.8839 0.8739, -0.3673 -0.8839 0.8651, -0.0718 -0.8839 0.8623, -0.0635 -0.8839 0.8504, -0.0590 -0.8839 0.8388, 0.2760 -0.8839 0.7450, 0.2760 -0.8839 0.7359, 0.2836 -0.8839 0.7352, 0.2583 -0.8839 0.7352, 0.2836 -0.8839 0.8388, 0.2742 -0.8839 0.8068, 0.2742 -0.8839 0.8160, 0.2719 -0.8839 0.7720, 0.2583 -0.8839 0.7720, 0.2583 -0.8839 0.7450, 0.2433 -0.8839 0.7720, 0.2433 -0.8839 0.7450, 0.2719 -0.8839 0.7812, 0.2583 -0.8839 0.8068, 0.2583 -0.8839 0.7359, 0.2329 -0.8839 0.7359, 0.2275 -0.8839 0.7352, 0.2329 -0.8839 0.8160, 0.0679 -0.8839 0.7632, 0.0694 -0.8839 0.7793, 0.0659 -0.8839 0.7603, 0.0645 -0.8839 0.7567, 0.0947 -0.8839 0.7389, 0.0910 -0.8839 0.7365, 0.0998 -0.8839 0.7359, 0.0874 -0.8839 0.7352, 0.1098 -0.8839 0.7359, 0.0759 -0.8839 0.7353, 0.0720 -0.8839 0.7368, 0.0603 -0.8839 0.7352, 0.0656 -0.8839 0.7432, 0.0644 -0.8839 0.7466, 0.0789 -0.8839 0.7932, 0.0603 -0.8839 0.8388, 0.0714 -0.8839 0.7903, 0.0694 -0.8839 0.7891, 0.0916 -0.8839 0.7859, 0.0882 -0.8839 0.7863, 0.0828 -0.8839 0.7699, 0.0709 -0.8839 0.7658, 0.0752 -0.8839 0.7680, 0.0764 -0.8839 0.7837, 0.0827 -0.8839 0.7857, 0.0688 -0.8839 0.7391, 0.0677 -0.8839 0.7401, 0.0998 -0.8839 0.7448, 0.0995 -0.8839 0.7448, 0.0979 -0.8839 0.7423, 0.1279 -0.8839 0.7669, 0.1234 -0.8839 0.7483, 0.1280 -0.8839 0.7669, 0.1270 -0.8839 0.7460, 0.1280 -0.8839 0.7456, 0.0638 -0.8839 0.7512, 0.0639 -0.8839 0.7524, 0.1263 -0.8839 0.7686, 0.1098 -0.8839 0.7727, 0.1234 -0.8839 0.7379, 0.0998 -0.8839 0.7723, 0.0994 -0.8839 0.7766, 0.0984 -0.8839 0.7802, 0.0972 -0.8839 0.7823, 0.1053 -0.8839 0.7882, 0.1074 -0.8839 0.7850, 0.1249 -0.8839 0.7842, 0.1090 -0.8839 0.7804, 0.1238 -0.8839 0.7810, 0.0891 -0.8839 0.7944, 0.0951 -0.8839 0.7939, 0.0993 -0.8839 0.7926, 0.0957 -0.8839 0.7839, 0.0939 -0.8839 0.7851, 0.1251 -0.8839 0.7704, 0.1240 -0.8839 0.7734, 0.1234 -0.8839 0.7777, 0.1324 -0.8839 0.7352, 0.1280 -0.8839 0.7035, 0.1389 -0.8839 0.7346, 0.1593 -0.8839 0.7919, 0.1593 -0.8839 0.7821, 0.1586 -0.8839 0.7609, 0.1604 -0.8839 0.7585, 0.1605 -0.8839 0.7446, 0.1587 -0.8839 0.7419, 0.1267 -0.8839 0.7870, 0.1280 -0.8839 0.7882, 0.1280 -0.8839 0.8388, 0.1299 -0.8839 0.7899, 0.1323 -0.8839 0.7914, 0.1377 -0.8839 0.7934, 0.1457 -0.8839 0.7944, 0.1646 -0.8839 0.8388, 0.1527 -0.8839 0.7938, 0.1556 -0.8839 0.7391, 0.1533 -0.8839 0.7377, 0.1615 -0.8839 0.7556, 0.1620 -0.8839 0.7515, 0.1616 -0.8839 0.7478, 0.1447 -0.8839 0.7863, 0.1418 -0.8839 0.7860, 0.1338 -0.8839 0.7786, 0.1391 -0.8839 0.7853, 0.1368 -0.8839 0.7841, 0.1339 -0.8839 0.7772, 0.1343 -0.8839 0.7757, 0.1350 -0.8839 0.7743, 0.1360 -0.8839 0.7733, 0.1395 -0.8839 0.7710, 0.1517 -0.8839 0.7854, 0.1457 -0.8839 0.7683, 0.1574 -0.8839 0.7832, 0.1496 -0.8839 0.7668, 0.1563 -0.8839 0.7631, 0.1353 -0.8839 0.7828, 0.1345 -0.8839 0.7815, 0.1340 -0.8839 0.7802, 0.1333 -0.8839 0.7436, 0.1386 -0.8839 0.7611, 0.1327 -0.8839 0.7638, 0.1399 -0.8839 0.7428, 0.1403 -0.8839 0.7428, 0.1452 -0.8839 0.7583, 0.1455 -0.8839 0.7433, 0.1517 -0.8839 0.7505, 0.1516 -0.8839 0.7517, 0.1481 -0.8839 0.7443, 0.1490 -0.8839 0.7448, 0.1501 -0.8839 0.7459, 0.1510 -0.8839 0.7472, 0.1515 -0.8839 0.7486, 0.1512 -0.8839 0.7533, 0.1504 -0.8839 0.7546, 0.1491 -0.8839 0.7559, 0.3129 -0.8839 0.8848, 0.2836 -0.8839 0.8848, 0.3211 -0.8839 0.8629, 0.2836 -0.8839 0.8623, 0.3325 -0.8839 0.8629, 0.7677 -0.8839 0.8623, 0.7677 -0.8839 0.9437, 0.3020 -0.8839 0.9430, 0.2836 -0.8839 0.9437, 0.2796 -0.8839 0.8848, 0.2719 -0.8839 0.8629, 0.2583 -0.8839 0.8623, 0.2605 -0.8839 0.8629, 0.2583 -0.8839 0.9437, 0.2836 -0.8839 0.9235, 0.2910 -0.8839 0.9430, 0.2275 -0.8839 0.8623, 0.2266 -0.8839 0.8646, 0.2129 -0.8839 0.8629, 0.2137 -0.8839 0.9430, 0.2275 -0.8839 0.9437, 0.1833 -0.8839 0.9437, 0.1833 -0.8839 0.8623, 0.1908 -0.8839 0.8629, 0.1908 -0.8839 0.9430, 0.2539 -0.8839 0.8895, 0.2499 -0.8839 0.8813, 0.2467 -0.8839 0.9297, 0.2517 -0.8839 0.9227, 0.2440 -0.8839 0.8742, 0.2357 -0.8839 0.8682, 0.2275 -0.8839 0.8650, 0.2440 -0.8839 0.9324, 0.2259 -0.8839 0.9417, 0.2275 -0.8839 0.9411, 0.2356 -0.8839 0.9381, 0.2547 -0.8839 0.9151, 0.2560 -0.8839 0.9040, 0.2558 -0.8839 0.8989, 0.1646 -0.8839 0.9437, 0.1739 -0.8839 0.9430, 0.1646 -0.8839 0.9430, 0.1739 -0.8839 0.9338, 0.1757 -0.8839 0.8721, 0.1757 -0.8839 0.8629, 0.1646 -0.8839 0.8623, 0.1430 -0.8839 0.8721, 0.1646 -0.8839 0.8721, 0.1430 -0.8839 0.8990, 0.1646 -0.8839 0.8990, 0.1716 -0.8839 0.8990, 0.1716 -0.8839 0.9082, 0.1646 -0.8839 0.9338, 0.1327 -0.8839 0.9430, 0.1280 -0.8839 0.9437, 0.1327 -0.8839 0.8629, 0.4921 -0.8839 0.0039, 0.7677 -0.8839 0.0039, 0.4921 -0.8839 0.0433, 0.7677 -0.8839 0.7035, 0.2836 -0.8839 0.0433, 0.1166 -0.8839 0.9411, 0.1083 -0.8839 0.9435, 0.1062 -0.8839 0.9437, 0.1646 -0.8839 0.8629, 0.1166 -0.8839 0.9303, 0.1153 -0.8839 0.8656, 0.0997 -0.8839 0.8709, 0.1088 -0.8839 0.8726, 0.1166 -0.8839 0.8762, 0.1166 -0.8839 0.8663, 0.0676 -0.8839 0.8991, 0.1157 -0.8839 0.9308, 0.1076 -0.8839 0.9338, 0.0715 -0.8839 0.8847, 0.0754 -0.8839 0.8792, 0.0769 -0.8839 0.8777, 0.0822 -0.8839 0.8740, 0.0879 -0.8839 0.8718, 0.0960 -0.8839 0.8708, 0.0759 -0.8839 0.9261, 0.0716 -0.8839 0.9201, 0.0814 -0.8839 0.9306, 0.0877 -0.8839 0.9336, 0.0978 -0.8839 0.9350, 0.0947 -0.8839 0.9349, 0.0675 -0.8839 0.9021, 0.0689 -0.8839 0.9132, 0.0689 -0.8839 0.8911, 0.0977 -0.8839 0.9444, 0.0603 -0.8839 1.0669, 0.1280 -0.8839 1.0669, 0.0978 -0.8839 0.9444, 0.0624 -0.8839 0.9250, 0.0682 -0.8839 0.9326, 0.0702 -0.8839 0.9344, 0.0776 -0.8839 0.9397, 0.0603 -0.8839 0.8833, 0.0583 -0.8839 0.8883, 0.0555 -0.8839 0.8623, 0.0567 -0.8839 0.9015, 0.0568 -0.8839 0.9056, 0.0555 -0.8839 0.9437, 0.0586 -0.8839 0.9161, 0.0603 -0.8839 0.9199, 0.0734 -0.8839 0.8672, 0.0670 -0.8839 0.8725, 0.0603 -0.8839 0.8623, 0.0616 -0.8839 0.8800, 0.0945 -0.8839 0.8616, 0.0896 -0.8839 0.8618, 0.0875 -0.8839 0.8623, 0.0810 -0.8839 0.8636, 0.1027 -0.8839 0.7907, 0.0763 -0.8839 0.7352, 0.0603 -0.8839 0.7035, 0.0816 -0.8839 0.7346, 0.0869 -0.8839 0.7351, 0.0820 -0.8839 0.7346, 0.2117 -0.8839 0.7931, 0.2221 -0.8839 0.7931, 0.2275 -0.8839 0.8388, 0.2583 -0.8839 0.8160, 0.2583 -0.8839 0.8388, 0.1993 -0.8839 0.7352, 0.1934 -0.8839 0.7501, 0.1946 -0.8839 0.7454, 0.1949 -0.8839 0.7454, 0.1833 -0.8839 0.8388, 0.1833 -0.8839 0.7792, 0.1961 -0.8839 0.7500, 0.1953 -0.8839 0.7474, 0.1833 -0.8839 0.7352, 0.1833 -0.8839 0.7523, 0.1672 -0.8839 0.7931, 0.1784 -0.8839 0.7931, 0.1897 -0.8839 0.7360, 0.1893 -0.8839 0.7352, 0.1853 -0.8839 0.7256, 0.1646 -0.8839 0.7035, 0.1693 -0.8839 0.7098, 0.1693 -0.8839 0.7187, 0.1713 -0.8839 0.7181, 0.1750 -0.8839 0.7176, 0.1769 -0.8839 0.7177, 0.1791 -0.8839 0.7184, 0.1810 -0.8839 0.7196, 0.1800 -0.8839 0.7095, 0.1758 -0.8839 0.7090, 0.1735 -0.8839 0.7091, 0.1830 -0.8839 0.7217, 0.1833 -0.8839 0.7221, 0.1962 -0.8839 0.7273, 0.1960 -0.8839 0.7268, 0.2275 -0.8839 0.7035, 0.1912 -0.8839 0.7178, 0.1875 -0.8839 0.7136, 0.1874 -0.8839 0.7135, -0.7677 -0.8839 0.0039, -0.7677 -0.8839 0.7035, -0.7677 -0.8839 0.7352, -0.7677 -0.8839 0.8388, -0.7677 -0.8839 0.8623, -0.7677 -0.8839 0.9437, -0.7677 -0.8839 1.0669, 0.0534 -0.8839 0.8721, 0.0534 -0.8839 0.8629, 0.0112 -0.8839 0.8629, 0.0215 -0.8839 0.9430, 0.0215 -0.8839 0.8721, 0.0112 -0.8839 0.9430, 0.0555 -0.8839 0.7352, 0.0542 -0.8839 0.7359, 0.0112 -0.8839 0.7359, 0.0542 -0.8839 0.7450, 0.0524 -0.8839 0.8068, 0.0215 -0.8839 0.7720, 0.0215 -0.8839 0.7450, 0.0501 -0.8839 0.7720, 0.0501 -0.8839 0.7812, 0.0215 -0.8839 0.7812, 0.0215 -0.8839 0.8068, 0.0112 -0.8839 0.8160, 0.0524 -0.8839 0.8160, 0.0555 -0.8839 1.0669, 0.2583 -0.8839 0.7035, 0.2836 -0.8839 0.7035, 0.1646 -0.8839 1.0669, 0.1833 -0.8839 1.0669, 0.2275 -0.8839 1.0669, 0.2583 -0.8839 1.0669, 0.2836 -0.8839 1.0669, 0.7677 -0.8839 1.0669, 0.4214 -0.8839 0.7359, 0.4132 -0.8839 0.7578, 0.3799 -0.8839 0.7578, 0.3722 -0.8839 0.7359, 0.3607 -0.8839 0.7359, 0.2911 -0.8839 0.8160, 0.2911 -0.8839 0.7359, 0.3131 -0.8839 0.7359, 0.7677 -0.8839 0.7352, 0.7677 -0.8839 0.8388, 0.4023 -0.8839 0.8160, 0.4328 -0.8839 0.7359, 0.3912 -0.8839 0.8160, 0.3502 -0.8839 0.7542, 0.3442 -0.8839 0.7471, 0.3360 -0.8839 0.7412, 0.3269 -0.8839 0.7376, 0.3442 -0.8839 0.8054, 0.3470 -0.8839 0.8027, 0.3520 -0.8839 0.7957, 0.3549 -0.8839 0.7881, 0.3140 -0.8839 0.8160, 0.3262 -0.8839 0.8146, 0.3358 -0.8839 0.8111, 0.3563 -0.8839 0.7770, 0.3561 -0.8839 0.7719, 0.3541 -0.8839 0.7625, 0.2583 -0.8839 0.0433, 0.2275 -0.8839 0.0433, 0.1833 -0.8839 0.0433, 0.1646 -0.8839 0.0433, 0.1280 -0.8839 0.0433, 0.0603 -0.8839 0.0433, 0.0555 -0.8839 0.0433, -0.8858 -0.1949 0.0039, -0.8858 -0.1949 0.0433, -0.5793 -0.1949 0.0039, -0.5793 -0.1949 0.0433, 0.3876 -0.1949 0.0433, 0.3876 -0.1949 0.0039, -0.3876 -0.1949 0.0433, -0.3876 -0.1949 0.0039, -0.8858 0.1988 0.0433, -0.8858 0.1988 0.0039, -0.5793 0.1988 0.0433, -0.5793 0.1988 0.0039, 0.3876 0.1988 0.0039, 0.3876 0.1988 0.0433, -0.3876 0.1988 0.0039, -0.3876 0.1988 0.0433, 0.8858 -0.1949 0.0433, 0.8858 -0.1949 0.0039, 0.5793 -0.1949 0.0433, 0.5793 -0.1949 0.0039, 0.8858 0.1988 0.0039, 0.8858 0.1988 0.0433, 0.5793 0.1988 0.0039, 0.5793 0.1988 0.0433, 0.8858 0.7697 0.0039, 0.8858 -0.7657 0.0039, 0.8858 0.4547 0.3189, 0.8858 -0.4508 0.4370, 0.8858 -0.4508 0.3189, 0.8858 -0.7657 1.0669, 0.8858 0.4547 0.4370, 0.8858 0.7697 1.0669, 0.8858 0.7303 0.4370, 0.8858 -0.7264 0.4370, 0.8858 -0.7264 0.3189, 0.8858 0.7303 0.3189, 0.7677 0.8878 0.0039, 0.4921 0.8878 0.0039, 0.4921 0.8878 0.0433, -0.4921 0.8878 0.0039, -0.7677 0.8878 0.0039, -0.4921 0.8878 0.0433, -0.7677 0.8878 1.0669, 0.7677 0.8878 1.0669, -0.8858 -0.7657 0.0039, -0.8858 0.7697 0.0039, -0.8858 -0.4508 0.3189, -0.8858 0.4547 0.4370, -0.8858 0.4547 0.3189, -0.8858 0.7697 1.0669, -0.8858 -0.4508 0.4370, -0.8858 -0.7657 1.0669, -0.8858 -0.7264 0.4370, -0.8858 0.7303 0.4370, -0.8858 0.7303 0.3189, -0.8858 -0.7264 0.3189, -0.4199 -0.2145 1.0669, -0.4533 -0.1311 1.0669, -0.4703 -0.0429 1.0669, -0.4703 0.0469 1.0669, -0.4533 0.1351 1.0669, 0.0225 -0.4699 1.0669, -0.0672 -0.4657 1.0669, -0.8818 -0.7963 1.0669, -0.3094 -0.3551 1.0669, -0.3714 -0.2901 1.0669, -0.8700 -0.8248 1.0669, -0.8512 -0.8493 1.0669, -0.8268 -0.8680 1.0669, -0.2362 0.4111 1.0669, -0.1545 0.4484 1.0669, -0.0672 0.4696 1.0669, 0.0225 0.4739 1.0669, 0.1114 0.4611 1.0669, 0.4639 -0.0874 1.0669, 0.4386 -0.1736 1.0669, 0.3974 -0.2535 1.0669, 0.8818 -0.7963 1.0669, 0.3419 -0.3241 1.0669, 0.8268 -0.8680 1.0669, 0.8512 -0.8493 1.0669, 0.8700 -0.8248 1.0669, -0.1545 -0.4445 1.0669, -0.2362 -0.4072 1.0669, -0.7983 -0.8798 1.0669, -0.8268 0.8720 1.0669, -0.8512 0.8532 1.0669, -0.3094 0.3590 1.0669, 0.3419 0.3280 1.0669, 0.8700 0.8287 1.0669, 0.8512 0.8532 1.0669, 0.1114 -0.4572 1.0669, 0.1963 -0.4278 1.0669, 0.2740 -0.3829 1.0669, 0.7983 -0.8798 1.0669, -0.7983 0.8838 1.0669, 0.3974 0.2574 1.0669, 0.8818 0.8003 1.0669, -0.4199 0.2185 1.0669, -0.3714 0.2940 1.0669, -0.8818 0.8003 1.0669, -0.8700 0.8287 1.0669, 0.1963 0.4317 1.0669, 0.2740 0.3868 1.0669, 0.7983 0.8838 1.0669, 0.8268 0.8720 1.0669, 0.4386 0.1776 1.0669, 0.4639 0.0914 1.0669, 0.4724 0.0020 1.0669, -0.4921 -0.2933 0.0039, 0.4921 -0.2933 0.0039, -0.4921 0.2972 0.0039, 0.4921 0.2972 0.0039, -0.8700 0.8287 0.0039, -0.8512 0.8532 0.0039, -0.8268 0.8720 0.0039, -0.7983 0.8838 0.0039, -0.8512 -0.8493 0.0039, -0.8268 -0.8680 0.0039, -0.7983 -0.8798 0.0039, -0.8700 -0.8248 0.0039, -0.8818 -0.7963 0.0039, -0.8818 0.8003 0.0039, 0.8818 0.8003 0.0039, 0.8700 0.8287 0.0039, 0.7983 0.8838 0.0039, 0.8268 0.8720 0.0039, 0.8512 0.8532 0.0039, 0.8268 -0.8680 0.0039, 0.7983 -0.8798 0.0039, 0.8818 -0.7963 0.0039, 0.8700 -0.8248 0.0039, 0.8512 -0.8493 0.0039, 0.3936 -0.2374 1.4050, 0.3870 -0.2467 1.4050, 0.0314 -0.4576 1.4050, 0.0219 -0.4576 1.4050, -0.3573 -0.2887 1.4050, -0.3617 -0.2825 1.4050, -0.4436 0.1262 1.4050, -0.4416 0.1316 1.4050, -0.1543 0.4360 1.4050, -0.1506 0.4370 1.4050, 0.2656 0.3783 1.4050, 0.2671 0.3771 1.4050, 0.4270 0.1729 1.4050, 0.4436 0.1262 1.4050, 0.3870 0.2506 1.4050, 0.3936 0.2413 1.4050, 0.4225 0.1855 1.4050, 0.3573 0.2927 1.4050, 0.3326 0.3191 1.4050, 0.3144 0.3386 1.4050, 0.2119 0.4110 1.4050, 0.1910 0.4201 1.4050, 0.0219 0.4615 1.4050, 0.0314 0.4615 1.4050, 0.0937 0.4530 1.4050, 0.1084 0.4489 1.4050, 0.1543 0.4360 1.4050, -0.0314 0.4615 1.4050, -0.0654 0.4569 1.4050, -0.0937 0.4530 1.4050, -0.2119 0.4110 1.4050, -0.2298 0.4001 1.4050, -0.3617 0.2865 1.4050, -0.3573 0.2927 1.4050, -0.3144 0.3386 1.4050, -0.3011 0.3494 1.4050, -0.2656 0.3783 1.4050, -0.3936 0.2413 1.4050, -0.4085 0.2125 1.4050, -0.4225 0.1855 1.4050, -0.4563 0.0647 1.4050, -0.4576 0.0457 1.4050, -0.4416 -0.1277 1.4050, -0.4436 -0.1223 1.4050, -0.4563 -0.0608 1.4050, -0.4576 -0.0418 1.4050, -0.4606 0.0020 1.4050, -0.4225 -0.1815 1.4050, -0.4085 -0.2086 1.4050, -0.3936 -0.2374 1.4050, -0.3144 -0.3347 1.4050, -0.3011 -0.3455 1.4050, -0.2656 -0.3744 1.4050, -0.2298 -0.3961 1.4050, -0.1506 -0.4331 1.4050, -0.1543 -0.4321 1.4050, -0.2119 -0.4070 1.4050, -0.0937 -0.4490 1.4050, -0.0654 -0.4529 1.4050, -0.0314 -0.4576 1.4050, 0.0937 -0.4490 1.4050, 0.1084 -0.4449 1.4050, 0.1543 -0.4321 1.4050, 0.1910 -0.4161 1.4050, 0.2671 -0.3732 1.4050, 0.2656 -0.3744 1.4050, 0.2119 -0.4070 1.4050, 0.3144 -0.3347 1.4050, 0.3326 -0.3152 1.4050, 0.3573 -0.2887 1.4050, 0.4225 -0.1815 1.4050, 0.4270 -0.1690 1.4050, 0.4436 -0.1223 1.4050, 0.4513 -0.0850 1.4050, 0.4513 0.0889 1.4050, 0.4563 0.0647 1.4050, 0.4606 0.0020 1.4050, 0.4563 -0.0608 1.4050, 0.3623 0.0020 1.5000, 0.3589 0.0513 1.5000, 0.0000 0.0020 1.5000, 0.3323 -0.1424 1.5000, 0.3488 -0.0958 1.5000, 0.3589 -0.0474 1.5000, 0.2473 -0.2628 1.5000, 0.2810 -0.2267 1.5000, 0.3095 -0.1863 1.5000, 0.1213 -0.3394 1.5000, 0.1667 -0.3197 1.5000, 0.2089 -0.2940 1.5000, -0.0247 -0.3595 1.5000, 0.0247 -0.3595 1.5000, 0.0737 -0.3527 1.5000, -0.1667 -0.3197 1.5000, -0.1213 -0.3394 1.5000, -0.0737 -0.3527 1.5000, -0.2810 -0.2267 1.5000, -0.2473 -0.2628 1.5000, -0.2089 -0.2940 1.5000, -0.3488 -0.0958 1.5000, -0.3323 -0.1424 1.5000, -0.3095 -0.1863 1.5000, -0.3589 0.0513 1.5000, -0.3623 0.0020 1.5000, -0.3589 -0.0474 1.5000, -0.3095 0.1902 1.5000, -0.3323 0.1463 1.5000, -0.3488 0.0997 1.5000, -0.2089 0.2979 1.5000, -0.2473 0.2667 1.5000, -0.2810 0.2306 1.5000, -0.0737 0.3567 1.5000, -0.1213 0.3433 1.5000, -0.1667 0.3236 1.5000, 0.0737 0.3567 1.5000, 0.0247 0.3634 1.5000, -0.0247 0.3634 1.5000, 0.2089 0.2979 1.5000, 0.1667 0.3236 1.5000, 0.1213 0.3433 1.5000, 0.3095 0.1902 1.5000, 0.2810 0.2306 1.5000, 0.2473 0.2667 1.5000, 0.3488 0.0997 1.5000, 0.3323 0.1463 1.5000, 0.3323 0.1463 1.5000
            ]
        }
        coordIndex [
            0 1 2 -1,3 4 5 -1,6 7 8 -1,9 10 11 -1,12 13 14 -1,15 16 17 -1,18 19 20 -1,21 22 23 -1,24 25 26 -1,27 28 29 -1,30 31 32 -1,32 31 3 -1,33 34 32 -1,32 34 35 -1,35 36 32 -1,32 36 37 -1,32 37 30 -1,38 39 40 -1,41 42 43 -1,43 42 40 -1,40 42 44 -1,40 44 38 -1,45 46 47 -1,41 43 48 -1,48 43 47 -1,48 47 49 -1,46 50 47 -1,47 50 51 -1,47 51 49 -1,49 51 52 -1,49 52 53 -1,53 52 54 -1,53 54 55 -1,29 28 56 -1,28 57 56 -1,56 57 58 -1,56 58 47 -1,47 58 59 -1,47 59 45 -1,60 61 62 -1,61 63 62 -1,62 63 64 -1,62 64 65 -1,65 66 62 -1,62 66 67 -1,62 67 29 -1,29 67 68 -1,29 68 27 -1,69 70 71 -1,71 70 72 -1,71 72 62 -1,62 72 73 -1,62 73 60 -1,71 74 75 -1,75 74 76 -1,77 78 79 -1,77 79 75 -1,79 80 75 -1,75 80 81 -1,75 81 71 -1,71 81 82 -1,71 82 69 -1,0 83 1 -1,1 83 84 -1,1 84 85 -1,85 86 1 -1,1 86 87 -1,1 87 88 -1,89 90 91 -1,91 90 92 -1,93 94 90 -1,90 94 95 -1,90 95 96 -1,97 98 83 -1,83 98 99 -1,83 99 100 -1,101 102 103 -1,103 102 104 -1,105 106 0 -1,0 106 107 -1,0 107 108 -1,109 110 111 -1,111 110 112 -1,111 112 113 -1,114 96 115 -1,115 96 116 -1,115 116 111 -1,111 116 117 -1,111 117 109 -1,118 119 4 -1,4 119 120 -1,4 120 0 -1,0 120 121 -1,0 121 105 -1,108 122 0 -1,0 122 123 -1,0 123 83 -1,83 123 124 -1,83 124 97 -1,125 126 127 -1,127 126 128 -1,127 128 103 -1,103 128 129 -1,103 129 101 -1,114 130 96 -1,96 130 131 -1,96 131 90 -1,90 131 132 -1,90 132 92 -1,100 133 83 -1,83 133 134 -1,83 134 135 -1,135 134 125 -1,135 125 136 -1,136 125 127 -1,104 137 103 -1,103 137 138 -1,103 138 139 -1,140 141 103 -1,103 141 142 -1,103 142 90 -1,90 142 143 -1,90 143 93 -1,139 144 103 -1,103 144 145 -1,103 145 146 -1,146 147 103 -1,103 147 148 -1,103 148 140 -1,149 150 151 -1,151 96 149 -1,149 96 95 -1,149 95 152 -1,152 95 153 -1,153 154 152 -1,152 154 155 -1,152 155 156 -1,157 158 159 -1,160 161 158 -1,161 162 158 -1,158 162 163 -1,158 163 164 -1,159 165 157 -1,157 165 166 -1,157 166 167 -1,150 149 157 -1,157 149 168 -1,157 168 158 -1,158 168 169 -1,158 169 160 -1,164 170 158 -1,158 170 171 -1,158 171 172 -1,172 171 173 -1,172 173 174 -1,174 173 175 -1,176 177 167 -1,167 177 178 -1,167 178 157 -1,31 179 3 -1,3 179 180 -1,3 180 4 -1,4 180 181 -1,4 181 118 -1,182 183 184 -1,184 183 185 -1,184 186 187 -1,187 186 188 -1,189 190 191 -1,191 190 192 -1,191 192 193 -1,191 182 189 -1,189 182 184 -1,189 184 194 -1,194 184 187 -1,194 187 26 -1,26 187 195 -1,26 195 24 -1,183 196 185 -1,185 196 197 -1,185 197 198 -1,198 197 199 -1,200 201 202 -1,202 201 203 -1,204 205 206 -1,206 205 207 -1,206 207 208 -1,209 210 211 -1,211 212 213 -1,214 215 216 -1,216 215 217 -1,218 219 220 -1,200 221 201 -1,201 221 222 -1,201 222 223 -1,223 222 220 -1,223 220 224 -1,224 220 219 -1,210 225 211 -1,211 225 226 -1,211 226 212 -1,227 228 206 -1,206 228 229 -1,206 229 204 -1,230 231 232 -1,232 231 233 -1,232 233 234 -1,213 235 211 -1,211 235 236 -1,211 236 215 -1,215 236 203 -1,215 203 217 -1,217 203 201 -1,230 237 231 -1,231 237 238 -1,231 238 239 -1,239 238 208 -1,239 208 22 -1,240 241 220 -1,220 241 242 -1,220 242 243 -1,244 245 246 -1,246 245 247 -1,246 247 248 -1,214 249 215 -1,215 249 250 -1,215 250 251 -1,243 252 220 -1,220 252 253 -1,220 253 218 -1,237 254 238 -1,238 254 255 -1,238 255 247 -1,247 255 256 -1,247 256 248 -1,21 23 257 -1,257 23 258 -1,257 258 259 -1,260 261 20 -1,262 263 261 -1,264 265 20 -1,266 267 268 -1,268 267 269 -1,268 269 270 -1,270 271 268 -1,268 271 272 -1,268 272 273 -1,273 272 274 -1,273 274 260 -1,265 275 20 -1,20 275 276 -1,20 276 18 -1,263 277 261 -1,261 277 278 -1,261 278 20 -1,20 278 279 -1,20 279 264 -1,280 281 282 -1,282 281 283 -1,282 283 284 -1,282 285 280 -1,280 285 286 -1,280 286 287 -1,287 288 280 -1,280 288 289 -1,280 289 290 -1,290 289 291 -1,290 291 292 -1,292 291 293 -1,292 293 261 -1,261 293 294 -1,261 294 262 -1,295 296 284 -1,284 296 297 -1,284 297 282 -1,298 299 234 -1,234 299 300 -1,234 300 232 -1,298 301 299 -1,299 301 302 -1,299 302 303 -1,303 302 304 -1,303 305 306 -1,304 307 303 -1,303 307 308 -1,303 308 309 -1,309 310 303 -1,303 310 311 -1,303 311 305 -1,306 312 303 -1,303 312 313 -1,303 313 314 -1,315 316 317 -1,317 316 318 -1,317 318 319 -1,320 321 322 -1,322 321 323 -1,316 324 318 -1,318 324 325 -1,318 325 326 -1,326 325 327 -1,326 327 328 -1,328 327 329 -1,328 329 323 -1,323 329 330 -1,323 330 322 -1,331 332 333 -1,334 335 336 -1,331 333 337 -1,337 333 338 -1,337 338 336 -1,336 338 339 -1,336 339 334 -1,340 341 326 -1,342 343 328 -1,341 344 326 -1,326 344 345 -1,326 345 331 -1,331 345 346 -1,331 346 332 -1,342 328 347 -1,334 348 335 -1,335 348 349 -1,335 349 328 -1,328 349 350 -1,328 350 347 -1,343 351 328 -1,328 351 352 -1,328 352 326 -1,326 352 353 -1,326 353 340 -1,336 354 355 -1,355 354 356 -1,355 357 336 -1,336 357 358 -1,336 358 337 -1,337 358 359 -1,337 359 360 -1,361 362 363 -1,363 362 364 -1,364 362 365 -1,365 362 358 -1,365 358 366 -1,366 358 357 -1,366 357 17 -1,17 357 367 -1,17 367 15 -1,356 354 368 -1,368 354 369 -1,368 369 370 -1,371 372 373 -1,373 372 374 -1,373 374 375 -1,376 369 377 -1,377 369 378 -1,359 379 360 -1,360 379 370 -1,360 370 14 -1,14 370 369 -1,14 369 380 -1,380 369 376 -1,12 14 381 -1,382 383 380 -1,380 383 384 -1,380 384 14 -1,14 384 385 -1,14 385 381 -1,386 387 388 -1,389 390 380 -1,380 390 391 -1,380 391 392 -1,392 393 380 -1,380 393 394 -1,380 394 382 -1,395 396 397 -1,397 396 398 -1,388 399 386 -1,386 399 400 -1,386 400 401 -1,401 400 398 -1,401 398 402 -1,402 398 396 -1,387 386 380 -1,380 386 403 -1,380 403 389 -1,10 404 405 -1,405 404 406 -1,406 404 407 -1,406 407 378 -1,11 408 409 -1,409 410 11 -1,11 410 411 -1,11 411 9 -1,412 413 414 -1,415 416 417 -1,417 416 418 -1,417 418 11 -1,11 418 419 -1,11 419 408 -1,420 421 422 -1,422 421 423 -1,424 425 215 -1,215 425 426 -1,215 426 422 -1,422 426 427 -1,422 427 420 -1,13 424 268 -1,268 424 215 -1,268 215 266 -1,266 215 251 -1,266 251 246 -1,246 251 428 -1,246 428 244 -1,209 211 429 -1,429 211 430 -1,429 430 431 -1,22 208 23 -1,23 208 207 -1,23 207 258 -1,258 207 432 -1,258 432 430 -1,430 432 433 -1,430 433 431 -1,434 435 436 -1,188 186 437 -1,437 186 438 -1,437 438 199 -1,199 438 436 -1,199 436 198 -1,198 436 435 -1,198 435 439 -1,440 441 442 -1,436 443 434 -1,434 443 444 -1,434 444 445 -1,445 444 440 -1,445 440 446 -1,446 440 442 -1,447 448 20 -1,20 448 449 -1,260 20 273 -1,273 20 449 -1,273 449 443 -1,443 449 450 -1,443 450 444 -1,451 448 452 -1,452 448 447 -1,452 447 453 -1,454 455 456 -1,259 258 19 -1,19 258 454 -1,19 454 20 -1,20 454 456 -1,20 456 447 -1,447 456 457 -1,447 457 458 -1,458 459 447 -1,447 459 460 -1,447 460 461 -1,7 462 8 -1,8 462 463 -1,8 463 454 -1,454 463 464 -1,454 464 455 -1,461 465 447 -1,447 465 466 -1,447 466 453 -1,467 468 469 -1,467 469 439 -1,468 470 469 -1,469 470 471 -1,469 471 8 -1,8 471 472 -1,8 472 6 -1,473 74 474 -1,474 74 71 -1,474 71 475 -1,475 71 62 -1,475 62 476 -1,476 62 29 -1,476 29 477 -1,477 29 56 -1,477 56 478 -1,478 56 47 -1,478 47 479 -1,479 47 43 -1,480 481 414 -1,414 481 482 -1,483 417 32 -1,413 415 414 -1,414 415 417 -1,414 417 480 -1,480 417 483 -1,480 483 484 -1,5 414 3 -1,3 414 482 -1,3 482 32 -1,32 482 485 -1,32 485 483 -1,486 487 488 -1,487 486 489 -1,489 486 5 -1,489 5 490 -1,491 492 493 -1,493 492 489 -1,493 489 494 -1,494 489 490 -1,494 490 495 -1,495 490 496 -1,2 486 0 -1,0 486 488 -1,0 488 4 -1,4 488 497 -1,4 497 5 -1,5 497 498 -1,5 498 490 -1,10 405 11 -1,11 405 499 -1,11 499 417 -1,417 499 40 -1,417 40 32 -1,32 40 39 -1,32 39 33 -1,2 430 486 -1,486 430 211 -1,486 211 5 -1,5 211 215 -1,5 215 414 -1,414 215 422 -1,414 422 412 -1,412 422 423 -1,13 268 14 -1,14 268 273 -1,14 273 360 -1,360 273 443 -1,360 443 337 -1,337 443 436 -1,337 436 331 -1,331 436 438 -1,331 438 326 -1,326 438 186 -1,326 186 318 -1,439 469 198 -1,198 469 500 -1,198 500 185 -1,185 500 501 -1,185 501 184 -1,378 369 406 -1,406 369 354 -1,406 354 502 -1,502 354 336 -1,502 336 503 -1,503 336 335 -1,503 335 504 -1,504 335 328 -1,504 328 505 -1,505 328 323 -1,505 323 506 -1,506 323 321 -1,506 321 507 -1,508 509 510 -1,511 512 184 -1,513 186 514 -1,514 186 184 -1,514 184 515 -1,515 184 512 -1,516 517 518 -1,510 511 508 -1,508 511 184 -1,508 184 519 -1,322 319 320 -1,320 319 318 -1,320 318 517 -1,517 318 186 -1,517 186 518 -1,518 186 520 -1,512 521 522 -1,522 523 512 -1,512 523 524 -1,512 524 515 -1,525 526 520 -1,520 526 527 -1,520 527 528 -1,513 529 186 -1,186 529 530 -1,186 530 520 -1,520 530 531 -1,520 531 525 -1,528 532 520 -1,520 532 533 -1,520 533 512 -1,512 533 534 -1,512 534 521 -1,518 519 516 -1,516 519 184 -1,516 184 374 -1,374 184 501 -1,374 501 375 -1,375 501 500 -1,375 500 535 -1,535 500 469 -1,535 469 536 -1,536 469 8 -1,536 8 537 -1,537 8 454 -1,537 454 538 -1,538 454 258 -1,538 258 539 -1,539 258 430 -1,539 430 540 -1,540 430 2 -1,540 2 541 -1,541 2 1 -1,541 1 77 -1,77 1 88 -1,77 88 78 -1,542 543 544 -1,544 543 545 -1,546 547 548 -1,548 547 549 -1,550 551 552 -1,552 551 553 -1,554 555 556 -1,556 555 557 -1,543 550 545 -1,545 550 552 -1,555 546 557 -1,557 546 548 -1,558 559 560 -1,560 559 561 -1,562 563 564 -1,564 563 565 -1,563 558 565 -1,565 558 560 -1,563 562 566 -1,567 559 558 -1,568 569 570 -1,571 572 573 -1,573 572 574 -1,573 574 566 -1,568 572 569 -1,569 572 571 -1,569 571 575 -1,575 571 567 -1,575 567 576 -1,576 567 558 -1,576 558 570 -1,570 558 563 -1,570 563 568 -1,568 563 566 -1,568 566 577 -1,577 566 574 -1,578 579 580 -1,581 582 583 -1,583 582 584 -1,583 584 580 -1,580 584 585 -1,580 585 578 -1,543 542 586 -1,587 551 550 -1,588 589 590 -1,591 592 593 -1,593 592 594 -1,593 594 586 -1,588 592 589 -1,589 592 591 -1,589 591 595 -1,595 591 587 -1,595 587 596 -1,596 587 550 -1,596 550 590 -1,590 550 543 -1,590 543 588 -1,588 543 586 -1,588 586 597 -1,597 586 594 -1,598 599 593 -1,593 599 600 -1,593 600 591 -1,591 600 601 -1,591 601 602 -1,603 604 40 -1,605 606 593 -1,593 606 607 -1,593 607 598 -1,40 604 43 -1,605 608 606 -1,606 608 609 -1,606 609 610 -1,611 612 584 -1,584 612 613 -1,584 613 585 -1,585 613 614 -1,585 614 615 -1,616 617 571 -1,571 617 618 -1,571 618 619 -1,619 618 620 -1,621 622 620 -1,620 622 623 -1,620 623 619 -1,604 624 43 -1,43 624 625 -1,43 625 479 -1,479 625 606 -1,479 606 626 -1,626 606 610 -1,627 628 629 -1,630 631 632 -1,633 505 634 -1,634 505 506 -1,634 506 635 -1,635 506 507 -1,635 507 620 -1,620 507 636 -1,620 636 621 -1,40 499 603 -1,603 499 405 -1,603 405 633 -1,633 405 406 -1,633 406 502 -1,611 584 629 -1,629 584 637 -1,629 637 627 -1,638 573 630 -1,630 573 639 -1,630 639 631 -1,502 503 633 -1,633 503 504 -1,633 504 505 -1,602 640 591 -1,591 640 641 -1,591 641 642 -1,642 641 629 -1,642 629 643 -1,643 629 628 -1,615 644 585 -1,585 644 645 -1,585 645 646 -1,646 645 630 -1,646 630 647 -1,647 630 632 -1,638 648 573 -1,573 648 649 -1,573 649 571 -1,571 649 650 -1,571 650 616 -1,651 76 544 -1,544 76 74 -1,74 473 544 -1,544 473 586 -1,544 586 542 -1,549 547 652 -1,553 551 653 -1,653 551 587 -1,653 587 581 -1,652 651 549 -1,549 651 544 -1,549 544 556 -1,544 553 556 -1,556 553 653 -1,556 653 554 -1,554 653 654 -1,655 656 582 -1,582 656 657 -1,582 657 658 -1,659 473 660 -1,660 473 661 -1,659 662 473 -1,473 662 663 -1,473 663 586 -1,581 587 582 -1,582 587 664 -1,582 664 655 -1,654 579 564 -1,564 579 578 -1,654 564 554 -1,554 564 561 -1,554 561 547 -1,567 371 652 -1,562 564 566 -1,566 564 578 -1,566 578 665 -1,665 578 666 -1,547 561 652 -1,652 561 559 -1,652 559 567 -1,667 668 578 -1,578 668 669 -1,578 669 666 -1,670 671 567 -1,567 671 372 -1,567 372 371 -1,672 673 567 -1,567 673 674 -1,567 674 670 -1,675 676 618 -1,677 678 603 -1,679 680 607 -1,681 682 602 -1,683 684 612 -1,685 686 645 -1,648 687 649 -1,649 687 688 -1,638 689 690 -1,638 690 648 -1,648 690 691 -1,648 691 687 -1,689 638 692 -1,692 638 630 -1,692 630 693 -1,645 686 630 -1,630 686 694 -1,630 694 693 -1,685 645 695 -1,695 645 644 -1,695 644 696 -1,614 697 698 -1,614 698 615 -1,698 699 615 -1,615 699 700 -1,615 700 644 -1,644 700 701 -1,644 701 696 -1,697 614 702 -1,702 614 613 -1,702 613 703 -1,612 684 613 -1,613 684 704 -1,613 704 703 -1,683 612 705 -1,705 612 611 -1,705 611 706 -1,641 707 708 -1,641 708 629 -1,708 709 629 -1,629 709 710 -1,629 710 611 -1,611 710 711 -1,611 711 706 -1,707 641 712 -1,712 641 640 -1,712 640 713 -1,602 682 640 -1,640 682 714 -1,640 714 713 -1,681 602 715 -1,715 602 601 -1,715 601 716 -1,599 717 718 -1,599 718 600 -1,718 719 600 -1,600 719 720 -1,600 720 601 -1,601 720 721 -1,601 721 716 -1,717 599 722 -1,722 599 598 -1,722 598 723 -1,607 680 598 -1,598 680 724 -1,598 724 723 -1,679 607 725 -1,725 607 606 -1,725 606 726 -1,726 606 727 -1,727 606 625 -1,727 625 728 -1,624 729 730 -1,624 730 625 -1,625 730 731 -1,625 731 728 -1,729 624 732 -1,732 624 604 -1,732 604 733 -1,603 678 604 -1,604 678 734 -1,604 734 733 -1,677 603 735 -1,735 603 633 -1,735 633 736 -1,736 633 737 -1,737 633 634 -1,737 634 738 -1,635 739 740 -1,635 740 634 -1,634 740 741 -1,634 741 738 -1,739 635 742 -1,742 635 620 -1,742 620 743 -1,618 676 620 -1,620 676 744 -1,620 744 743 -1,675 618 745 -1,745 618 617 -1,745 617 746 -1,746 617 747 -1,747 617 616 -1,747 616 748 -1,688 749 649 -1,649 749 750 -1,649 750 650 -1,650 750 751 -1,650 751 616 -1,616 751 752 -1,616 752 748 -1,753 754 755 -1,756 757 755 -1,755 757 758 -1,755 758 753 -1,759 760 755 -1,755 760 761 -1,755 761 756 -1,762 763 755 -1,755 763 764 -1,755 764 759 -1,765 766 755 -1,755 766 767 -1,755 767 762 -1,768 769 755 -1,755 769 770 -1,755 770 765 -1,771 772 755 -1,755 772 773 -1,755 773 768 -1,774 775 755 -1,755 775 776 -1,755 776 771 -1,777 778 755 -1,755 778 779 -1,755 779 774 -1,780 781 755 -1,755 781 782 -1,755 782 777 -1,783 784 755 -1,755 784 785 -1,755 785 780 -1,786 787 755 -1,755 787 788 -1,755 788 783 -1,789 790 755 -1,755 790 791 -1,755 791 786 -1,792 793 755 -1,755 793 794 -1,755 794 789 -1,795 796 755 -1,755 796 797 -1,755 797 792 -1,754 798 755 -1,755 798 799 -1,755 799 795 -1,
        ]
    }
}
Shape{
    appearance Appearance {
        material  Material {
            diffuseColor 0.7529411764705882 0.7529411764705882 0.7529411764705882
            specularColor 0.3764705882352941 0.3764705882352941 0.3764705882352941
            ambientIntensity 0.2
            transparency 0
            shininess 0.5
        }
    }
    geometry IndexedFaceSet {
        ccw TRUE
        solid FALSE
        coord DEF co Coordinate {
            point [
                -1.3189 0.7303 0.0000, -1.1196 0.7303 0.0000, -1.3189 0.4547 0.0000, -1.1196 0.4547 0.0000, -1.3189 0.7303 0.1181, -1.3189 0.4547 0.1181, -1.1196 0.7303 0.1181, -1.1196 0.4547 0.1181, -1.1150 0.7303 0.1186, -1.1150 0.4547 0.1186, -1.1107 0.7303 0.1202, -1.1107 0.4547 0.1202, -1.1069 0.7303 0.1227, -1.1069 0.4547 0.1227, -1.1038 0.7303 0.1260, -1.1038 0.4547 0.1260, -1.1015 0.7303 0.1300, -1.1015 0.4547 0.1300, -1.1002 0.7303 0.1344, -1.1002 0.4547 0.1344, -1.0669 0.7303 0.3231, -1.0669 0.4547 0.3231, -1.0577 0.4547 0.3538, -1.0577 0.7303 0.3538, -1.0417 0.4547 0.3815, -1.0417 0.7303 0.3815, -1.0198 0.4547 0.4048, -1.0198 0.7303 0.4048, -0.9930 0.4547 0.4224, -0.9930 0.7303 0.4224, -0.9630 0.4547 0.4333, -0.9630 0.7303 0.4333, -0.9312 0.4547 0.4370, -0.9312 0.7303 0.4370, -0.8858 0.7303 0.4370, -0.8858 0.4547 0.4370, -0.9312 0.7303 0.3189, -0.8858 0.7303 0.3189, -0.9312 0.4547 0.3189, -0.8858 0.4547 0.3189, -0.9357 0.7303 0.3184, -0.9357 0.4547 0.3184, -0.9400 0.7303 0.3168, -0.9400 0.4547 0.3168, -0.9438 0.7303 0.3143, -0.9438 0.4547 0.3143, -0.9470 0.7303 0.3110, -0.9470 0.4547 0.3110, -0.9493 0.7303 0.3070, -0.9493 0.4547 0.3070, -0.9506 0.7303 0.3026, -0.9506 0.4547 0.3026, -0.9839 0.7303 0.1139, -0.9839 0.4547 0.1139, -0.9930 0.4547 0.0832, -0.9930 0.7303 0.0832, -1.0090 0.4547 0.0555, -1.0090 0.7303 0.0555, -1.0310 0.4547 0.0322, -1.0310 0.7303 0.0322, -1.0577 0.4547 0.0147, -1.0577 0.7303 0.0147, -1.0878 0.4547 0.0037, -1.0878 0.7303 0.0037, 1.1196 0.7303 0.0000, 1.3189 0.7303 0.0000, 1.1196 0.4547 0.0000, 1.3189 0.4547 0.0000, 1.0878 0.4547 0.0037, 1.0878 0.7303 0.0037, 1.0577 0.4547 0.0147, 1.0577 0.7303 0.0147, 1.0310 0.4547 0.0322, 1.0310 0.7303 0.0322, 1.0090 0.4547 0.0555, 1.0090 0.7303 0.0555, 0.9930 0.4547 0.0832, 0.9930 0.7303 0.0832, 0.9839 0.4547 0.1139, 0.9839 0.7303 0.1139, 0.9506 0.7303 0.3026, 0.9506 0.4547 0.3026, 0.9493 0.7303 0.3070, 0.9493 0.4547 0.3070, 0.9470 0.7303 0.3110, 0.9470 0.4547 0.3110, 0.9438 0.7303 0.3143, 0.9438 0.4547 0.3143, 0.9400 0.7303 0.3168, 0.9400 0.4547 0.3168, 0.9357 0.7303 0.3184, 0.9357 0.4547 0.3184, 0.9312 0.7303 0.3189, 0.9312 0.4547 0.3189, 0.8858 0.7303 0.3189, 0.8858 0.4547 0.3189, 0.9312 0.7303 0.4370, 0.8858 0.7303 0.4370, 0.9312 0.4547 0.4370, 0.8858 0.4547 0.4370, 0.9630 0.4547 0.4333, 0.9630 0.7303 0.4333, 0.9930 0.4547 0.4224, 0.9930 0.7303 0.4224, 1.0198 0.4547 0.4048, 1.0198 0.7303 0.4048, 1.0417 0.4547 0.3815, 1.0417 0.7303 0.3815, 1.0577 0.4547 0.3538, 1.0577 0.7303 0.3538, 1.0669 0.4547 0.3231, 1.0669 0.7303 0.3231, 1.1002 0.7303 0.1344, 1.1002 0.4547 0.1344, 1.1015 0.7303 0.1300, 1.1015 0.4547 0.1300, 1.1038 0.7303 0.1260, 1.1038 0.4547 0.1260, 1.1069 0.7303 0.1227, 1.1069 0.4547 0.1227, 1.1107 0.7303 0.1202, 1.1107 0.4547 0.1202, 1.1150 0.7303 0.1186, 1.1150 0.4547 0.1186, 1.1196 0.7303 0.1181, 1.1196 0.4547 0.1181, 1.3189 0.7303 0.1181, 1.3189 0.4547 0.1181, -1.1196 -0.7264 0.0000, -1.3189 -0.7264 0.0000, -1.1196 -0.4508 0.0000, -1.3189 -0.4508 0.0000, -1.0878 -0.4508 0.0037, -1.0878 -0.7264 0.0037, -1.0577 -0.4508 0.0147, -1.0577 -0.7264 0.0147, -1.0310 -0.4508 0.0322, -1.0310 -0.7264 0.0322, -1.0090 -0.4508 0.0555, -1.0090 -0.7264 0.0555, -0.9930 -0.4508 0.0832, -0.9930 -0.7264 0.0832, -0.9839 -0.4508 0.1139, -0.9839 -0.7264 0.1139, -0.9506 -0.7264 0.3026, -0.9506 -0.4508 0.3026, -0.9493 -0.7264 0.3070, -0.9493 -0.4508 0.3070, -0.9470 -0.7264 0.3110, -0.9470 -0.4508 0.3110, -0.9438 -0.7264 0.3143, -0.9438 -0.4508 0.3143, -0.9400 -0.7264 0.3168, -0.9400 -0.4508 0.3168, -0.9357 -0.7264 0.3184, -0.9357 -0.4508 0.3184, -0.9312 -0.7264 0.3189, -0.9312 -0.4508 0.3189, -0.8858 -0.7264 0.3189, -0.8858 -0.4508 0.3189, -0.9312 -0.7264 0.4370, -0.8858 -0.7264 0.4370, -0.9312 -0.4508 0.4370, -0.8858 -0.4508 0.4370, -0.9630 -0.4508 0.4333, -0.9630 -0.7264 0.4333, -0.9930 -0.4508 0.4224, -0.9930 -0.7264 0.4224, -1.0198 -0.4508 0.4048, -1.0198 -0.7264 0.4048, -1.0417 -0.4508 0.3815, -1.0417 -0.7264 0.3815, -1.0577 -0.4508 0.3538, -1.0577 -0.7264 0.3538, -1.0669 -0.4508 0.3231, -1.0669 -0.7264 0.3231, -1.1002 -0.7264 0.1344, -1.1002 -0.4508 0.1344, -1.1015 -0.7264 0.1300, -1.1015 -0.4508 0.1300, -1.1038 -0.7264 0.1260, -1.1038 -0.4508 0.1260, -1.1069 -0.7264 0.1227, -1.1069 -0.4508 0.1227, -1.1107 -0.7264 0.1202, -1.1107 -0.4508 0.1202, -1.1150 -0.7264 0.1186, -1.1150 -0.4508 0.1186, -1.1196 -0.7264 0.1181, -1.1196 -0.4508 0.1181, -1.3189 -0.7264 0.1181, -1.3189 -0.4508 0.1181, 1.3189 -0.7264 0.0000, 1.1196 -0.7264 0.0000, 1.3189 -0.4508 0.0000, 1.1196 -0.4508 0.0000, 1.3189 -0.7264 0.1181, 1.3189 -0.4508 0.1181, 1.1196 -0.7264 0.1181, 1.1196 -0.4508 0.1181, 1.1150 -0.7264 0.1186, 1.1150 -0.4508 0.1186, 1.1107 -0.7264 0.1202, 1.1107 -0.4508 0.1202, 1.1069 -0.7264 0.1227, 1.1069 -0.4508 0.1227, 1.1038 -0.7264 0.1260, 1.1038 -0.4508 0.1260, 1.1015 -0.7264 0.1300, 1.1015 -0.4508 0.1300, 1.1002 -0.7264 0.1344, 1.1002 -0.4508 0.1344, 1.0669 -0.7264 0.3231, 1.0669 -0.4508 0.3231, 1.0577 -0.4508 0.3538, 1.0577 -0.7264 0.3538, 1.0417 -0.4508 0.3815, 1.0417 -0.7264 0.3815, 1.0198 -0.4508 0.4048, 1.0198 -0.7264 0.4048, 0.9930 -0.4508 0.4224, 0.9930 -0.7264 0.4224, 0.9630 -0.4508 0.4333, 0.9630 -0.7264 0.4333, 0.9312 -0.4508 0.4370, 0.9312 -0.7264 0.4370, 0.8858 -0.7264 0.4370, 0.8858 -0.4508 0.4370, 0.9312 -0.7264 0.3189, 0.8858 -0.7264 0.3189, 0.9312 -0.4508 0.3189, 0.8858 -0.4508 0.3189, 0.9357 -0.7264 0.3184, 0.9357 -0.4508 0.3184, 0.9400 -0.7264 0.3168, 0.9400 -0.4508 0.3168, 0.9438 -0.7264 0.3143, 0.9438 -0.4508 0.3143, 0.9470 -0.7264 0.3110, 0.9470 -0.4508 0.3110, 0.9493 -0.7264 0.3070, 0.9493 -0.4508 0.3070, 0.9506 -0.7264 0.3026, 0.9506 -0.4508 0.3026, 0.9839 -0.7264 0.1139, 0.9839 -0.4508 0.1139, 0.9930 -0.4508 0.0832, 0.9930 -0.7264 0.0832, 1.0090 -0.4508 0.0555, 1.0090 -0.7264 0.0555, 1.0310 -0.4508 0.0322, 1.0310 -0.7264 0.0322, 1.0577 -0.4508 0.0147, 1.0577 -0.7264 0.0147, 1.0878 -0.4508 0.0037, 1.0878 -0.7264 0.0037, 1.0878 -0.7264 0.0037
            ]
        }
        coordIndex [
            0 1 2 -1,2 1 3 -1,4 0 5 -1,5 0 2 -1,6 4 7 -1,7 4 5 -1,6 7 8 -1,8 7 9 -1,8 9 10 -1,10 9 11 -1,10 11 12 -1,12 11 13 -1,12 13 14 -1,14 13 15 -1,14 15 16 -1,16 15 17 -1,16 17 18 -1,18 17 19 -1,20 18 21 -1,21 18 19 -1,20 21 22 -1,20 22 23 -1,23 22 24 -1,23 24 25 -1,25 24 26 -1,25 26 27 -1,27 26 28 -1,27 28 29 -1,29 28 30 -1,29 30 31 -1,31 30 32 -1,31 32 33 -1,34 33 35 -1,35 33 32 -1,36 37 38 -1,38 37 39 -1,36 38 40 -1,40 38 41 -1,40 41 42 -1,42 41 43 -1,42 43 44 -1,44 43 45 -1,44 45 46 -1,46 45 47 -1,46 47 48 -1,48 47 49 -1,48 49 50 -1,50 49 51 -1,52 50 53 -1,53 50 51 -1,52 53 54 -1,52 54 55 -1,55 54 56 -1,55 56 57 -1,57 56 58 -1,57 58 59 -1,59 58 60 -1,59 60 61 -1,61 60 62 -1,61 62 63 -1,63 62 3 -1,63 3 1 -1,0 4 1 -1,1 4 6 -1,1 6 63 -1,63 6 8 -1,63 8 61 -1,61 8 10 -1,61 10 59 -1,59 10 12 -1,59 12 57 -1,57 12 14 -1,57 14 55 -1,55 14 16 -1,55 16 52 -1,52 16 18 -1,52 18 50 -1,50 18 20 -1,50 20 48 -1,48 20 23 -1,48 23 46 -1,46 23 25 -1,46 25 44 -1,44 25 27 -1,44 27 42 -1,42 27 29 -1,42 29 40 -1,40 29 31 -1,40 31 36 -1,36 31 33 -1,36 33 37 -1,37 33 34 -1,39 35 38 -1,38 35 32 -1,38 32 41 -1,41 32 30 -1,41 30 43 -1,43 30 28 -1,43 28 45 -1,45 28 26 -1,45 26 47 -1,47 26 24 -1,47 24 49 -1,49 24 22 -1,49 22 51 -1,51 22 21 -1,51 21 53 -1,53 21 19 -1,53 19 54 -1,54 19 17 -1,54 17 56 -1,56 17 15 -1,56 15 58 -1,58 15 13 -1,58 13 60 -1,60 13 11 -1,60 11 62 -1,62 11 9 -1,62 9 3 -1,3 9 7 -1,3 7 2 -1,2 7 5 -1,64 65 66 -1,66 65 67 -1,64 66 68 -1,64 68 69 -1,69 68 70 -1,69 70 71 -1,71 70 72 -1,71 72 73 -1,73 72 74 -1,73 74 75 -1,75 74 76 -1,75 76 77 -1,77 76 78 -1,77 78 79 -1,80 79 81 -1,81 79 78 -1,80 81 82 -1,82 81 83 -1,82 83 84 -1,84 83 85 -1,84 85 86 -1,86 85 87 -1,86 87 88 -1,88 87 89 -1,88 89 90 -1,90 89 91 -1,90 91 92 -1,92 91 93 -1,94 92 95 -1,95 92 93 -1,96 97 98 -1,98 97 99 -1,96 98 100 -1,96 100 101 -1,101 100 102 -1,101 102 103 -1,103 102 104 -1,103 104 105 -1,105 104 106 -1,105 106 107 -1,107 106 108 -1,107 108 109 -1,109 108 110 -1,109 110 111 -1,112 111 113 -1,113 111 110 -1,112 113 114 -1,114 113 115 -1,114 115 116 -1,116 115 117 -1,116 117 118 -1,118 117 119 -1,118 119 120 -1,120 119 121 -1,120 121 122 -1,122 121 123 -1,122 123 124 -1,124 123 125 -1,126 124 127 -1,127 124 125 -1,65 126 67 -1,67 126 127 -1,126 65 124 -1,124 65 64 -1,124 64 122 -1,122 64 69 -1,122 69 120 -1,120 69 71 -1,120 71 118 -1,118 71 73 -1,118 73 116 -1,116 73 75 -1,116 75 114 -1,114 75 77 -1,114 77 112 -1,112 77 79 -1,112 79 111 -1,111 79 80 -1,111 80 109 -1,109 80 82 -1,109 82 107 -1,107 82 84 -1,107 84 105 -1,105 84 86 -1,105 86 103 -1,103 86 88 -1,103 88 101 -1,101 88 90 -1,101 90 96 -1,96 90 92 -1,96 92 97 -1,97 92 94 -1,67 127 66 -1,66 127 125 -1,66 125 68 -1,68 125 123 -1,68 123 70 -1,70 123 121 -1,70 121 72 -1,72 121 119 -1,72 119 74 -1,74 119 117 -1,74 117 76 -1,76 117 115 -1,76 115 78 -1,78 115 113 -1,78 113 81 -1,81 113 110 -1,81 110 83 -1,83 110 108 -1,83 108 85 -1,85 108 106 -1,85 106 87 -1,87 106 104 -1,87 104 89 -1,89 104 102 -1,89 102 91 -1,91 102 100 -1,91 100 93 -1,93 100 98 -1,93 98 95 -1,95 98 99 -1,128 129 130 -1,130 129 131 -1,128 130 132 -1,128 132 133 -1,133 132 134 -1,133 134 135 -1,135 134 136 -1,135 136 137 -1,137 136 138 -1,137 138 139 -1,139 138 140 -1,139 140 141 -1,141 140 142 -1,141 142 143 -1,144 143 145 -1,145 143 142 -1,144 145 146 -1,146 145 147 -1,146 147 148 -1,148 147 149 -1,148 149 150 -1,150 149 151 -1,150 151 152 -1,152 151 153 -1,152 153 154 -1,154 153 155 -1,154 155 156 -1,156 155 157 -1,158 156 159 -1,159 156 157 -1,160 161 162 -1,162 161 163 -1,160 162 164 -1,160 164 165 -1,165 164 166 -1,165 166 167 -1,167 166 168 -1,167 168 169 -1,169 168 170 -1,169 170 171 -1,171 170 172 -1,171 172 173 -1,173 172 174 -1,173 174 175 -1,176 175 177 -1,177 175 174 -1,176 177 178 -1,178 177 179 -1,178 179 180 -1,180 179 181 -1,180 181 182 -1,182 181 183 -1,182 183 184 -1,184 183 185 -1,184 185 186 -1,186 185 187 -1,186 187 188 -1,188 187 189 -1,190 188 191 -1,191 188 189 -1,129 190 131 -1,131 190 191 -1,190 129 188 -1,188 129 128 -1,188 128 186 -1,186 128 133 -1,186 133 184 -1,184 133 135 -1,184 135 182 -1,182 135 137 -1,182 137 180 -1,180 137 139 -1,180 139 178 -1,178 139 141 -1,178 141 176 -1,176 141 143 -1,176 143 175 -1,175 143 144 -1,175 144 173 -1,173 144 146 -1,173 146 171 -1,171 146 148 -1,171 148 169 -1,169 148 150 -1,169 150 167 -1,167 150 152 -1,167 152 165 -1,165 152 154 -1,165 154 160 -1,160 154 156 -1,160 156 161 -1,161 156 158 -1,131 191 130 -1,130 191 189 -1,130 189 132 -1,132 189 187 -1,132 187 134 -1,134 187 185 -1,134 185 136 -1,136 185 183 -1,136 183 138 -1,138 183 181 -1,138 181 140 -1,140 181 179 -1,140 179 142 -1,142 179 177 -1,142 177 145 -1,145 177 174 -1,145 174 147 -1,147 174 172 -1,147 172 149 -1,149 172 170 -1,149 170 151 -1,151 170 168 -1,151 168 153 -1,153 168 166 -1,153 166 155 -1,155 166 164 -1,155 164 157 -1,157 164 162 -1,157 162 159 -1,159 162 163 -1,192 193 194 -1,194 193 195 -1,196 192 197 -1,197 192 194 -1,198 196 199 -1,199 196 197 -1,198 199 200 -1,200 199 201 -1,200 201 202 -1,202 201 203 -1,202 203 204 -1,204 203 205 -1,204 205 206 -1,206 205 207 -1,206 207 208 -1,208 207 209 -1,208 209 210 -1,210 209 211 -1,212 210 213 -1,213 210 211 -1,212 213 214 -1,212 214 215 -1,215 214 216 -1,215 216 217 -1,217 216 218 -1,217 218 219 -1,219 218 220 -1,219 220 221 -1,221 220 222 -1,221 222 223 -1,223 222 224 -1,223 224 225 -1,226 225 227 -1,227 225 224 -1,228 229 230 -1,230 229 231 -1,228 230 232 -1,232 230 233 -1,232 233 234 -1,234 233 235 -1,234 235 236 -1,236 235 237 -1,236 237 238 -1,238 237 239 -1,238 239 240 -1,240 239 241 -1,240 241 242 -1,242 241 243 -1,244 242 245 -1,245 242 243 -1,244 245 246 -1,244 246 247 -1,247 246 248 -1,247 248 249 -1,249 248 250 -1,249 250 251 -1,251 250 252 -1,251 252 253 -1,253 252 254 -1,253 254 255 -1,255 254 195 -1,255 195 193 -1,192 196 193 -1,193 196 198 -1,193 198 255 -1,255 198 200 -1,255 200 253 -1,253 200 202 -1,253 202 251 -1,251 202 204 -1,251 204 249 -1,249 204 206 -1,249 206 247 -1,247 206 208 -1,247 208 244 -1,244 208 210 -1,244 210 242 -1,242 210 212 -1,242 212 240 -1,240 212 215 -1,240 215 238 -1,238 215 217 -1,238 217 236 -1,236 217 219 -1,236 219 234 -1,234 219 221 -1,234 221 232 -1,232 221 223 -1,232 223 228 -1,228 223 225 -1,228 225 229 -1,229 225 226 -1,197 194 199 -1,199 194 195 -1,199 195 201 -1,201 195 254 -1,201 254 203 -1,203 254 252 -1,203 252 205 -1,205 252 250 -1,205 250 207 -1,207 250 248 -1,207 248 209 -1,209 248 246 -1,209 246 211 -1,211 246 245 -1,211 245 213 -1,213 245 243 -1,213 243 214 -1,214 243 241 -1,214 241 216 -1,216 241 239 -1,216 239 218 -1,218 239 237 -1,218 237 220 -1,220 237 235 -1,220 235 222 -1,222 235 233 -1,222 233 224 -1,224 233 230 -1,224 230 227 -1,227 230 231 -1,
        ]
    }
}
Shape{
    appearance Appearance {
        material  Material {
            diffuseColor 0.25098039215686274 0.25098039215686274 0.25098039215686274
            specularColor 0.12549019607843137 0.12549019607843137 0.12549019607843137
            ambientIntensity 0.2
            transparency 0
            shininess 0.5
        }
    }
    geometry IndexedFaceSet {
        ccw TRUE
        solid FALSE
        coord DEF co Coordinate {
            point [
                0.4921 0.2972 0.0433, 0.4921 0.8878 0.0433, 0.4921 0.2972 0.0039, 0.4921 0.8878 0.0039, -0.4921 0.8878 0.0433, -0.4921 0.2972 0.0433, -0.4921 0.8878 0.0039, -0.4921 0.2972 0.0039, 0.4921 -0.8839 0.0433, 0.4921 -0.2933 0.0433, 0.4921 -0.8839 0.0039, 0.4921 -0.2933 0.0039, -0.4921 -0.2933 0.0433, -0.4921 -0.2933 0.0039, -0.4921 -0.8839 0.0433, -0.4921 -0.8839 0.0039, 0.2836 -0.8839 0.0433, 0.2583 -0.8839 0.0433, 0.2275 -0.8839 0.0433, 0.1833 -0.8839 0.0433, 0.1646 -0.8839 0.0433, 0.1280 -0.8839 0.0433, 0.0603 -0.8839 0.0433, 0.0555 -0.8839 0.0433, -0.0216 -0.8839 0.0433, -0.0216 -0.8839 0.0433
            ]
        }
        coordIndex [
            0 1 2 -1,2 1 3 -1,4 5 6 -1,6 5 7 -1,5 0 7 -1,7 0 2 -1,5 4 0 -1,0 4 1 -1,8 9 10 -1,10 9 11 -1,9 12 11 -1,11 12 13 -1,12 14 13 -1,13 14 15 -1,8 16 9 -1,9 16 17 -1,9 17 18 -1,18 19 9 -1,9 19 20 -1,9 20 21 -1,21 22 9 -1,9 22 23 -1,9 23 12 -1,12 23 24 -1,12 24 14 -1,
        ]
    }
}
Shape{
    appearance Appearance {
        material  Material {
            diffuseColor 0.792156862745098 0.8196078431372549 0.9333333333333333
            specularColor 0.396078431372549 0.4117647058823529 0.4666666666666667
            ambientIntensity 0.2
            transparency 0
            shininess 0.5
        }
    }
    geometry IndexedFaceSet {
        ccw TRUE
        solid FALSE
        coord DEF co Coordinate {
            point [
                0.5793 -0.1949 0.0039, 0.5793 0.1988 0.0039, 0.5793 -0.1949 0.0433, 0.5793 0.1988 0.0433, 0.3876 0.1988 0.0039, 0.3876 -0.1949 0.0039, 0.3876 0.1988 0.0433, 0.3876 -0.1949 0.0433, -0.5793 0.1988 0.0039, -0.5793 -0.1949 0.0039, -0.5793 0.1988 0.0433, -0.5793 -0.1949 0.0433, -0.3876 -0.1949 0.0039, -0.3876 0.1988 0.0039, -0.3876 -0.1949 0.0433, -0.3876 0.1988 0.0433, -0.3876 0.1988 0.0433
            ]
        }
        coordIndex [
            0 1 2 -1,2 1 3 -1,4 5 6 -1,6 5 7 -1,8 9 10 -1,10 9 11 -1,12 13 14 -1,14 13 15 -1,
        ]
    }
}
Shape{
    appearance Appearance {
        material  Material {
            diffuseColor 0.25098039215686274 0.25098039215686274 0.25098039215686274
            specularColor 0.12549019607843137 0.12549019607843137 0.12549019607843137
            ambientIntensity 0.2
            transparency 0
            shininess 0.5
        }
    }
    geometry IndexedFaceSet {
        ccw TRUE
        solid FALSE
        coord DEF co Coordinate {
            point [
                -0.8858 -0.7657 1.0669, -0.8858 -0.7657 0.0039, -0.8818 -0.7963 0.0039, -0.8818 -0.7963 1.0669, -0.8700 -0.8248 0.0039, -0.8700 -0.8248 1.0669, -0.8512 -0.8493 0.0039, -0.8512 -0.8493 1.0669, -0.8268 -0.8680 0.0039, -0.8268 -0.8680 1.0669, -0.7983 -0.8798 0.0039, -0.7983 -0.8798 1.0669, -0.7677 -0.8839 0.0039, -0.7677 -0.8839 0.7035, -0.7677 -0.8839 0.7352, -0.7677 -0.8839 0.8388, -0.7677 -0.8839 0.8623, -0.7677 -0.8839 0.9437, -0.7677 -0.8839 1.0669, 0.7677 -0.8839 0.7035, 0.7677 -0.8839 0.0039, 0.7983 -0.8798 0.0039, 0.7677 -0.8839 0.8623, 0.7983 -0.8798 1.0669, 0.7677 -0.8839 0.9437, 0.7677 -0.8839 1.0669, 0.7677 -0.8839 0.8388, 0.7677 -0.8839 0.7352, 0.8268 -0.8680 0.0039, 0.8268 -0.8680 1.0669, 0.8512 -0.8493 0.0039, 0.8512 -0.8493 1.0669, 0.8700 -0.8248 0.0039, 0.8700 -0.8248 1.0669, 0.8818 -0.7963 0.0039, 0.8818 -0.7963 1.0669, 0.8858 -0.7657 0.0039, 0.8858 -0.7657 1.0669, -0.7677 0.8878 1.0669, -0.7677 0.8878 0.0039, -0.7983 0.8838 0.0039, -0.7983 0.8838 1.0669, -0.8268 0.8720 0.0039, -0.8268 0.8720 1.0669, -0.8512 0.8532 0.0039, -0.8512 0.8532 1.0669, -0.8700 0.8287 0.0039, -0.8700 0.8287 1.0669, -0.8818 0.8003 0.0039, -0.8818 0.8003 1.0669, -0.8858 0.7697 0.0039, -0.8858 0.7697 1.0669, 0.8858 0.7697 1.0669, 0.8858 0.7697 0.0039, 0.8818 0.8003 0.0039, 0.8818 0.8003 1.0669, 0.8700 0.8287 0.0039, 0.8700 0.8287 1.0669, 0.8512 0.8532 0.0039, 0.8512 0.8532 1.0669, 0.8268 0.8720 0.0039, 0.8268 0.8720 1.0669, 0.7983 0.8838 0.0039, 0.7983 0.8838 1.0669, 0.7677 0.8878 0.0039, 0.7677 0.8878 1.0669, 0.4513 0.0889 1.4050, 0.4436 0.1262 1.4050, 0.4396 0.1251 1.4298, 0.4270 0.1729 1.4050, 0.4225 0.1855 1.4050, 0.4188 0.1839 1.4298, 0.3870 0.2506 1.4050, 0.3573 0.2927 1.4050, 0.3542 0.2901 1.4298, 0.2671 0.3771 1.4050, 0.2656 0.3783 1.4050, 0.2633 0.3750 1.4298, 0.1910 0.4201 1.4050, 0.1543 0.4360 1.4050, 0.1529 0.4322 1.4298, 0.0219 0.4615 1.4050, -0.0314 0.4615 1.4050, -0.0312 0.4575 1.4298, -0.1506 0.4370 1.4050, -0.1543 0.4360 1.4050, -0.1529 0.4322 1.4298, -0.2298 0.4001 1.4050, -0.2656 0.3783 1.4050, -0.2633 0.3750 1.4298, -0.3617 0.2865 1.4050, -0.3936 0.2413 1.4050, -0.3901 0.2392 1.4298, -0.4416 0.1316 1.4050, -0.4436 0.1262 1.4050, -0.4396 0.1251 1.4298, -0.4576 0.0457 1.4050, -0.4606 0.0020 1.4050, -0.4566 0.0020 1.4298, -0.4416 -0.1277 1.4050, -0.4225 -0.1815 1.4050, -0.4188 -0.1799 1.4298, -0.4085 -0.2086 1.4050, -0.3936 -0.2374 1.4050, -0.3901 -0.2353 1.4298, -0.3617 -0.2825 1.4050, -0.3573 -0.2887 1.4050, -0.3542 -0.2862 1.4298, -0.3011 -0.3455 1.4050, -0.2656 -0.3744 1.4050, -0.2633 -0.3710 1.4298, -0.1506 -0.4331 1.4050, -0.0937 -0.4490 1.4050, -0.0929 -0.4450 1.4298, -0.0654 -0.4529 1.4050, -0.0314 -0.4576 1.4050, -0.0312 -0.4535 1.4298, 0.0219 -0.4576 1.4050, 0.0314 -0.4576 1.4050, 0.0312 -0.4535 1.4298, 0.1084 -0.4449 1.4050, 0.1543 -0.4321 1.4050, 0.1529 -0.4282 1.4298, 0.2671 -0.3732 1.4050, 0.3144 -0.3347 1.4050, 0.3116 -0.3317 1.4298, 0.3326 -0.3152 1.4050, 0.3573 -0.2887 1.4050, 0.3542 -0.2862 1.4298, 0.3870 -0.2467 1.4050, 0.3936 -0.2374 1.4050, 0.3901 -0.2353 1.4298, 0.4270 -0.1690 1.4050, 0.4436 -0.1223 1.4050, 0.4396 -0.1212 1.4298, 0.3589 -0.0474 1.5000, 0.3488 -0.0958 1.5000, 0.3836 -0.0508 1.4968, 0.3728 -0.1025 1.4968, 0.4067 -0.0539 1.4874, 0.3953 -0.1088 1.4874, 0.4266 -0.0567 1.4724, 0.4147 -0.1142 1.4724, 0.4422 -0.0588 1.4528, 0.4298 -0.1185 1.4528, 0.4523 -0.0602 1.4298, 0.1667 -0.3197 1.5000, 0.1213 -0.3394 1.5000, 0.1781 -0.3418 1.4968, 0.1297 -0.3629 1.4968, 0.1889 -0.3625 1.4874, 0.1375 -0.3848 1.4874, 0.1981 -0.3804 1.4724, 0.1442 -0.4038 1.4724, 0.2053 -0.3943 1.4528, 0.1495 -0.4186 1.4528, 0.2100 -0.4034 1.4298, -0.1667 -0.3197 1.5000, -0.2089 -0.2940 1.5000, -0.1781 -0.3418 1.4968, -0.2233 -0.3144 1.4968, -0.1889 -0.3625 1.4874, -0.2367 -0.3334 1.4874, -0.1981 -0.3804 1.4724, -0.2483 -0.3499 1.4724, -0.2053 -0.3943 1.4528, -0.2574 -0.3627 1.4528, -0.2100 -0.4034 1.4298, -0.3589 -0.0474 1.5000, -0.3623 0.0020 1.5000, -0.3836 -0.0508 1.4968, -0.3872 0.0020 1.4968, -0.4067 -0.0539 1.4874, -0.4105 0.0020 1.4874, -0.4266 -0.0567 1.4724, -0.4306 0.0020 1.4724, -0.4422 -0.0588 1.4528, -0.4463 0.0020 1.4528, -0.4523 -0.0602 1.4298, -0.3323 0.1463 1.5000, -0.3095 0.1902 1.5000, -0.3551 0.1562 1.4968, -0.3308 0.2031 1.4968, -0.3765 0.1655 1.4874, -0.3507 0.2153 1.4874, -0.3950 0.1735 1.4724, -0.3679 0.2257 1.4724, -0.4094 0.1798 1.4528, -0.3814 0.2339 1.4528, -0.4188 0.1839 1.4298, -0.2473 0.2667 1.5000, -0.2089 0.2979 1.5000, -0.2643 0.2849 1.4968, -0.2233 0.3183 1.4968, -0.2802 0.3020 1.4874, -0.2367 0.3373 1.4874, -0.2939 0.3167 1.4724, -0.2483 0.3538 1.4724, -0.3047 0.3282 1.4528, -0.2574 0.3666 1.4528, -0.3116 0.3356 1.4298, -0.0737 0.3567 1.5000, -0.0247 0.3634 1.5000, -0.0788 0.3811 1.4968, -0.0264 0.3883 1.4968, -0.0835 0.4039 1.4874, -0.0280 0.4115 1.4874, -0.0876 0.4236 1.4724, -0.0294 0.4316 1.4724, -0.0908 0.4390 1.4528, -0.0305 0.4473 1.4528, -0.0929 0.4490 1.4298, 0.0737 0.3567 1.5000, 0.1213 0.3433 1.5000, 0.0788 0.3811 1.4968, 0.1297 0.3668 1.4968, 0.0835 0.4039 1.4874, 0.1375 0.3888 1.4874, 0.0876 0.4236 1.4724, 0.1442 0.4077 1.4724, 0.0908 0.4390 1.4528, 0.1495 0.4225 1.4528, 0.0929 0.4490 1.4298, 0.2473 0.2667 1.5000, 0.2810 0.2306 1.5000, 0.2643 0.2849 1.4968, 0.3003 0.2463 1.4968, 0.2802 0.3020 1.4874, 0.3184 0.2610 1.4874, 0.2939 0.3167 1.4724, 0.3341 0.2737 1.4724, 0.3047 0.3282 1.4528, 0.3462 0.2836 1.4528, 0.3116 0.3356 1.4298, 0.3623 0.0020 1.5000, 0.3872 0.0020 1.4968, 0.4105 0.0020 1.4874, 0.4306 0.0020 1.4724, 0.4463 0.0020 1.4528, 0.4566 0.0020 1.4298, 0.4606 0.0020 1.4050, 0.4563 -0.0608 1.4050, 0.4513 -0.0850 1.4050, 0.4225 -0.1815 1.4050, 0.4188 -0.1799 1.4298, 0.4094 -0.1759 1.4528, 0.3950 -0.1696 1.4724, 0.3765 -0.1616 1.4874, 0.3551 -0.1523 1.4968, 0.3323 -0.1424 1.5000, 0.3095 -0.1863 1.5000, 0.3308 -0.1992 1.4968, 0.3507 -0.2113 1.4874, 0.3679 -0.2218 1.4724, 0.3814 -0.2299 1.4528, 0.3462 -0.2797 1.4528, 0.3341 -0.2698 1.4724, 0.3184 -0.2571 1.4874, 0.3003 -0.2424 1.4968, 0.2810 -0.2267 1.5000, 0.3047 -0.3242 1.4528, 0.2939 -0.3128 1.4724, 0.2802 -0.2980 1.4874, 0.2643 -0.2810 1.4968, 0.2473 -0.2628 1.5000, 0.2656 -0.3744 1.4050, 0.2633 -0.3710 1.4298, 0.2574 -0.3627 1.4528, 0.2483 -0.3499 1.4724, 0.2367 -0.3334 1.4874, 0.2233 -0.3144 1.4968, 0.2089 -0.2940 1.5000, 0.2119 -0.4070 1.4050, 0.1910 -0.4161 1.4050, 0.0937 -0.4490 1.4050, 0.0929 -0.4450 1.4298, 0.0908 -0.4350 1.4528, 0.0876 -0.4197 1.4724, 0.0835 -0.3999 1.4874, 0.0788 -0.3771 1.4968, 0.0737 -0.3527 1.5000, 0.0247 -0.3595 1.5000, 0.0264 -0.3843 1.4968, 0.0280 -0.4076 1.4874, 0.0294 -0.4277 1.4724, 0.0305 -0.4433 1.4528, -0.0305 -0.4433 1.4528, -0.0294 -0.4277 1.4724, -0.0280 -0.4076 1.4874, -0.0264 -0.3843 1.4968, -0.0247 -0.3595 1.5000, -0.0908 -0.4350 1.4528, -0.0876 -0.4197 1.4724, -0.0835 -0.3999 1.4874, -0.0788 -0.3771 1.4968, -0.0737 -0.3527 1.5000, -0.1543 -0.4321 1.4050, -0.1529 -0.4282 1.4298, -0.1495 -0.4186 1.4528, -0.1442 -0.4038 1.4724, -0.1375 -0.3848 1.4874, -0.1297 -0.3629 1.4968, -0.1213 -0.3394 1.5000, -0.2119 -0.4070 1.4050, -0.2298 -0.3961 1.4050, -0.3144 -0.3347 1.4050, -0.3116 -0.3317 1.4298, -0.3047 -0.3242 1.4528, -0.2939 -0.3128 1.4724, -0.2802 -0.2980 1.4874, -0.2643 -0.2810 1.4968, -0.2473 -0.2628 1.5000, -0.2810 -0.2267 1.5000, -0.3003 -0.2424 1.4968, -0.3184 -0.2571 1.4874, -0.3341 -0.2698 1.4724, -0.3462 -0.2797 1.4528, -0.3814 -0.2299 1.4528, -0.3679 -0.2218 1.4724, -0.3507 -0.2113 1.4874, -0.3308 -0.1992 1.4968, -0.3095 -0.1863 1.5000, -0.4094 -0.1759 1.4528, -0.3950 -0.1696 1.4724, -0.3765 -0.1616 1.4874, -0.3551 -0.1523 1.4968, -0.3323 -0.1424 1.5000, -0.4436 -0.1223 1.4050, -0.4396 -0.1212 1.4298, -0.4298 -0.1185 1.4528, -0.4147 -0.1142 1.4724, -0.3953 -0.1088 1.4874, -0.3728 -0.1025 1.4968, -0.3488 -0.0958 1.5000, -0.4563 -0.0608 1.4050, -0.4576 -0.0418 1.4050, -0.4563 0.0647 1.4050, -0.4523 0.0641 1.4298, -0.4422 0.0627 1.4528, -0.4266 0.0606 1.4724, -0.4067 0.0579 1.4874, -0.3836 0.0547 1.4968, -0.3589 0.0513 1.5000, -0.3488 0.0997 1.5000, -0.3728 0.1064 1.4968, -0.3953 0.1127 1.4874, -0.4147 0.1182 1.4724, -0.4298 0.1224 1.4528, -0.4225 0.1855 1.4050, -0.4085 0.2125 1.4050, -0.3573 0.2927 1.4050, -0.3542 0.2901 1.4298, -0.3462 0.2836 1.4528, -0.3341 0.2737 1.4724, -0.3184 0.2610 1.4874, -0.3003 0.2463 1.4968, -0.2810 0.2306 1.5000, -0.3144 0.3386 1.4050, -0.3011 0.3494 1.4050, -0.2119 0.4110 1.4050, -0.2100 0.4073 1.4298, -0.2053 0.3983 1.4528, -0.1981 0.3843 1.4724, -0.1889 0.3664 1.4874, -0.1781 0.3457 1.4968, -0.1667 0.3236 1.5000, -0.1213 0.3433 1.5000, -0.1297 0.3668 1.4968, -0.1375 0.3888 1.4874, -0.1442 0.4077 1.4724, -0.1495 0.4225 1.4528, -0.0937 0.4530 1.4050, -0.0654 0.4569 1.4050, 0.0314 0.4615 1.4050, 0.0312 0.4575 1.4298, 0.0305 0.4473 1.4528, 0.0294 0.4316 1.4724, 0.0280 0.4115 1.4874, 0.0264 0.3883 1.4968, 0.0247 0.3634 1.5000, 0.0937 0.4530 1.4050, 0.1084 0.4489 1.4050, 0.2119 0.4110 1.4050, 0.2100 0.4073 1.4298, 0.2053 0.3983 1.4528, 0.1981 0.3843 1.4724, 0.1889 0.3664 1.4874, 0.1781 0.3457 1.4968, 0.1667 0.3236 1.5000, 0.2089 0.2979 1.5000, 0.2233 0.3183 1.4968, 0.2367 0.3373 1.4874, 0.2483 0.3538 1.4724, 0.2574 0.3666 1.4528, 0.3144 0.3386 1.4050, 0.3326 0.3191 1.4050, 0.3936 0.2413 1.4050, 0.3901 0.2392 1.4298, 0.3814 0.2339 1.4528, 0.3679 0.2257 1.4724, 0.3507 0.2153 1.4874, 0.3308 0.2031 1.4968, 0.3095 0.1902 1.5000, 0.3323 0.1463 1.5000, 0.3551 0.1562 1.4968, 0.3765 0.1655 1.4874, 0.3950 0.1735 1.4724, 0.4094 0.1798 1.4528, 0.4298 0.1224 1.4528, 0.4147 0.1182 1.4724, 0.3953 0.1127 1.4874, 0.3728 0.1064 1.4968, 0.3488 0.0997 1.5000, 0.4563 0.0647 1.4050, 0.4523 0.0641 1.4298, 0.4422 0.0627 1.4528, 0.4266 0.0606 1.4724, 0.4067 0.0579 1.4874, 0.3836 0.0547 1.4968, 0.3589 0.0513 1.5000, 0.3589 0.0513 1.5000
            ]
        }
        coordIndex [
            0 1 2 -1,0 2 3 -1,3 2 4 -1,3 4 5 -1,5 4 6 -1,5 6 7 -1,7 6 8 -1,7 8 9 -1,9 8 10 -1,9 10 11 -1,10 12 13 -1,10 13 11 -1,11 13 14 -1,11 14 15 -1,15 16 11 -1,11 16 17 -1,11 17 18 -1,19 20 21 -1,22 23 24 -1,24 23 25 -1,22 26 23 -1,23 26 27 -1,23 27 19 -1,19 21 23 -1,23 21 28 -1,23 28 29 -1,29 28 30 -1,29 30 31 -1,31 30 32 -1,31 32 33 -1,33 32 34 -1,33 34 35 -1,35 34 36 -1,35 36 37 -1,38 39 40 -1,38 40 41 -1,41 40 42 -1,41 42 43 -1,43 42 44 -1,43 44 45 -1,45 44 46 -1,45 46 47 -1,47 46 48 -1,47 48 49 -1,49 48 50 -1,49 50 51 -1,52 53 54 -1,52 54 55 -1,55 54 56 -1,55 56 57 -1,57 56 58 -1,57 58 59 -1,59 58 60 -1,59 60 61 -1,61 60 62 -1,61 62 63 -1,63 62 64 -1,63 64 65 -1,66 67 68 -1,69 70 71 -1,72 73 74 -1,75 76 77 -1,78 79 80 -1,81 82 83 -1,84 85 86 -1,87 88 89 -1,90 91 92 -1,93 94 95 -1,96 97 98 -1,99 100 101 -1,102 103 104 -1,105 106 107 -1,108 109 110 -1,111 112 113 -1,114 115 116 -1,117 118 119 -1,120 121 122 -1,123 124 125 -1,126 127 128 -1,129 130 131 -1,132 133 134 -1,135 136 137 -1,137 136 138 -1,137 138 139 -1,139 138 140 -1,139 140 141 -1,141 140 142 -1,141 142 143 -1,143 142 144 -1,143 144 145 -1,145 144 134 -1,146 147 148 -1,148 147 149 -1,148 149 150 -1,150 149 151 -1,150 151 152 -1,152 151 153 -1,152 153 154 -1,154 153 155 -1,154 155 156 -1,156 155 122 -1,157 158 159 -1,159 158 160 -1,159 160 161 -1,161 160 162 -1,161 162 163 -1,163 162 164 -1,163 164 165 -1,165 164 166 -1,165 166 167 -1,167 166 110 -1,168 169 170 -1,170 169 171 -1,170 171 172 -1,172 171 173 -1,172 173 174 -1,174 173 175 -1,174 175 176 -1,176 175 177 -1,176 177 178 -1,178 177 98 -1,179 180 181 -1,181 180 182 -1,181 182 183 -1,183 182 184 -1,183 184 185 -1,185 184 186 -1,185 186 187 -1,187 186 188 -1,187 188 189 -1,189 188 92 -1,190 191 192 -1,192 191 193 -1,192 193 194 -1,194 193 195 -1,194 195 196 -1,196 195 197 -1,196 197 198 -1,198 197 199 -1,198 199 200 -1,200 199 89 -1,201 202 203 -1,203 202 204 -1,203 204 205 -1,205 204 206 -1,205 206 207 -1,207 206 208 -1,207 208 209 -1,209 208 210 -1,209 210 211 -1,211 210 83 -1,212 213 214 -1,214 213 215 -1,214 215 216 -1,216 215 217 -1,216 217 218 -1,218 217 219 -1,218 219 220 -1,220 219 221 -1,220 221 222 -1,222 221 80 -1,223 224 225 -1,225 224 226 -1,225 226 227 -1,227 226 228 -1,227 228 229 -1,229 228 230 -1,229 230 231 -1,231 230 232 -1,231 232 233 -1,233 232 74 -1,234 135 235 -1,235 135 137 -1,235 137 236 -1,236 137 139 -1,236 139 237 -1,237 139 141 -1,237 141 238 -1,238 141 143 -1,238 143 239 -1,239 143 145 -1,239 145 240 -1,240 145 241 -1,134 133 145 -1,145 133 242 -1,145 242 241 -1,243 132 244 -1,244 132 134 -1,244 134 245 -1,245 134 144 -1,245 144 246 -1,246 144 142 -1,246 142 247 -1,247 142 140 -1,247 140 248 -1,248 140 138 -1,248 138 249 -1,249 138 136 -1,249 250 248 -1,248 250 251 -1,248 251 247 -1,247 251 252 -1,247 252 246 -1,246 252 253 -1,246 253 245 -1,245 253 254 -1,245 254 244 -1,244 254 131 -1,244 131 243 -1,243 131 130 -1,127 129 128 -1,128 129 131 -1,128 131 255 -1,255 131 254 -1,255 254 256 -1,256 254 253 -1,256 253 257 -1,257 253 252 -1,257 252 258 -1,258 252 251 -1,258 251 259 -1,259 251 250 -1,124 126 125 -1,125 126 128 -1,125 128 260 -1,260 128 255 -1,260 255 261 -1,261 255 256 -1,261 256 262 -1,262 256 257 -1,262 257 263 -1,263 257 258 -1,263 258 264 -1,264 258 259 -1,265 123 266 -1,266 123 125 -1,266 125 267 -1,267 125 260 -1,267 260 268 -1,268 260 261 -1,268 261 269 -1,269 261 262 -1,269 262 270 -1,270 262 263 -1,270 263 271 -1,271 263 264 -1,271 146 270 -1,270 146 148 -1,270 148 269 -1,269 148 150 -1,269 150 268 -1,268 150 152 -1,268 152 267 -1,267 152 154 -1,267 154 266 -1,266 154 156 -1,266 156 265 -1,265 156 272 -1,122 121 156 -1,156 121 273 -1,156 273 272 -1,274 120 275 -1,275 120 122 -1,275 122 276 -1,276 122 155 -1,276 155 277 -1,277 155 153 -1,277 153 278 -1,278 153 151 -1,278 151 279 -1,279 151 149 -1,279 149 280 -1,280 149 147 -1,280 281 279 -1,279 281 282 -1,279 282 278 -1,278 282 283 -1,278 283 277 -1,277 283 284 -1,277 284 276 -1,276 284 285 -1,276 285 275 -1,275 285 119 -1,275 119 274 -1,274 119 118 -1,115 117 116 -1,116 117 119 -1,116 119 286 -1,286 119 285 -1,286 285 287 -1,287 285 284 -1,287 284 288 -1,288 284 283 -1,288 283 289 -1,289 283 282 -1,289 282 290 -1,290 282 281 -1,112 114 113 -1,113 114 116 -1,113 116 291 -1,291 116 286 -1,291 286 292 -1,292 286 287 -1,292 287 293 -1,293 287 288 -1,293 288 294 -1,294 288 289 -1,294 289 295 -1,295 289 290 -1,296 111 297 -1,297 111 113 -1,297 113 298 -1,298 113 291 -1,298 291 299 -1,299 291 292 -1,299 292 300 -1,300 292 293 -1,300 293 301 -1,301 293 294 -1,301 294 302 -1,302 294 295 -1,302 157 301 -1,301 157 159 -1,301 159 300 -1,300 159 161 -1,300 161 299 -1,299 161 163 -1,299 163 298 -1,298 163 165 -1,298 165 297 -1,297 165 167 -1,297 167 296 -1,296 167 303 -1,110 109 167 -1,167 109 304 -1,167 304 303 -1,305 108 306 -1,306 108 110 -1,306 110 307 -1,307 110 166 -1,307 166 308 -1,308 166 164 -1,308 164 309 -1,309 164 162 -1,309 162 310 -1,310 162 160 -1,310 160 311 -1,311 160 158 -1,311 312 310 -1,310 312 313 -1,310 313 309 -1,309 313 314 -1,309 314 308 -1,308 314 315 -1,308 315 307 -1,307 315 316 -1,307 316 306 -1,306 316 107 -1,306 107 305 -1,305 107 106 -1,103 105 104 -1,104 105 107 -1,104 107 317 -1,317 107 316 -1,317 316 318 -1,318 316 315 -1,318 315 319 -1,319 315 314 -1,319 314 320 -1,320 314 313 -1,320 313 321 -1,321 313 312 -1,100 102 101 -1,101 102 104 -1,101 104 322 -1,322 104 317 -1,322 317 323 -1,323 317 318 -1,323 318 324 -1,324 318 319 -1,324 319 325 -1,325 319 320 -1,325 320 326 -1,326 320 321 -1,327 99 328 -1,328 99 101 -1,328 101 329 -1,329 101 322 -1,329 322 330 -1,330 322 323 -1,330 323 331 -1,331 323 324 -1,331 324 332 -1,332 324 325 -1,332 325 333 -1,333 325 326 -1,333 168 332 -1,332 168 170 -1,332 170 331 -1,331 170 172 -1,331 172 330 -1,330 172 174 -1,330 174 329 -1,329 174 176 -1,329 176 328 -1,328 176 178 -1,328 178 327 -1,327 178 334 -1,98 97 178 -1,178 97 335 -1,178 335 334 -1,336 96 337 -1,337 96 98 -1,337 98 338 -1,338 98 177 -1,338 177 339 -1,339 177 175 -1,339 175 340 -1,340 175 173 -1,340 173 341 -1,341 173 171 -1,341 171 342 -1,342 171 169 -1,342 343 341 -1,341 343 344 -1,341 344 340 -1,340 344 345 -1,340 345 339 -1,339 345 346 -1,339 346 338 -1,338 346 347 -1,338 347 337 -1,337 347 95 -1,337 95 336 -1,336 95 94 -1,348 93 189 -1,189 93 95 -1,189 95 187 -1,187 95 347 -1,187 347 185 -1,185 347 346 -1,185 346 183 -1,183 346 345 -1,183 345 181 -1,181 345 344 -1,181 344 179 -1,179 344 343 -1,92 91 189 -1,189 91 349 -1,189 349 348 -1,350 90 351 -1,351 90 92 -1,351 92 352 -1,352 92 188 -1,352 188 353 -1,353 188 186 -1,353 186 354 -1,354 186 184 -1,354 184 355 -1,355 184 182 -1,355 182 356 -1,356 182 180 -1,356 190 355 -1,355 190 192 -1,355 192 354 -1,354 192 194 -1,354 194 353 -1,353 194 196 -1,353 196 352 -1,352 196 198 -1,352 198 351 -1,351 198 200 -1,351 200 350 -1,350 200 357 -1,89 88 200 -1,200 88 358 -1,200 358 357 -1,359 87 360 -1,360 87 89 -1,360 89 361 -1,361 89 199 -1,361 199 362 -1,362 199 197 -1,362 197 363 -1,363 197 195 -1,363 195 364 -1,364 195 193 -1,364 193 365 -1,365 193 191 -1,365 366 364 -1,364 366 367 -1,364 367 363 -1,363 367 368 -1,363 368 362 -1,362 368 369 -1,362 369 361 -1,361 369 370 -1,361 370 360 -1,360 370 86 -1,360 86 359 -1,359 86 85 -1,371 84 211 -1,211 84 86 -1,211 86 209 -1,209 86 370 -1,209 370 207 -1,207 370 369 -1,207 369 205 -1,205 369 368 -1,205 368 203 -1,203 368 367 -1,203 367 201 -1,201 367 366 -1,83 82 211 -1,211 82 372 -1,211 372 371 -1,373 81 374 -1,374 81 83 -1,374 83 375 -1,375 83 210 -1,375 210 376 -1,376 210 208 -1,376 208 377 -1,377 208 206 -1,377 206 378 -1,378 206 204 -1,378 204 379 -1,379 204 202 -1,379 212 378 -1,378 212 214 -1,378 214 377 -1,377 214 216 -1,377 216 376 -1,376 216 218 -1,376 218 375 -1,375 218 220 -1,375 220 374 -1,374 220 222 -1,374 222 373 -1,373 222 380 -1,80 79 222 -1,222 79 381 -1,222 381 380 -1,382 78 383 -1,383 78 80 -1,383 80 384 -1,384 80 221 -1,384 221 385 -1,385 221 219 -1,385 219 386 -1,386 219 217 -1,386 217 387 -1,387 217 215 -1,387 215 388 -1,388 215 213 -1,388 389 387 -1,387 389 390 -1,387 390 386 -1,386 390 391 -1,386 391 385 -1,385 391 392 -1,385 392 384 -1,384 392 393 -1,384 393 383 -1,383 393 77 -1,383 77 382 -1,382 77 76 -1,394 75 233 -1,233 75 77 -1,233 77 231 -1,231 77 393 -1,231 393 229 -1,229 393 392 -1,229 392 227 -1,227 392 391 -1,227 391 225 -1,225 391 390 -1,225 390 223 -1,223 390 389 -1,74 73 233 -1,233 73 395 -1,233 395 394 -1,396 72 397 -1,397 72 74 -1,397 74 398 -1,398 74 232 -1,398 232 399 -1,399 232 230 -1,399 230 400 -1,400 230 228 -1,400 228 401 -1,401 228 226 -1,401 226 402 -1,402 226 224 -1,402 403 401 -1,401 403 404 -1,401 404 400 -1,400 404 405 -1,400 405 399 -1,399 405 406 -1,399 406 398 -1,398 406 407 -1,398 407 397 -1,397 407 71 -1,397 71 396 -1,396 71 70 -1,67 69 68 -1,68 69 71 -1,68 71 408 -1,408 71 407 -1,408 407 409 -1,409 407 406 -1,409 406 410 -1,410 406 405 -1,410 405 411 -1,411 405 404 -1,411 404 412 -1,412 404 403 -1,413 66 414 -1,414 66 68 -1,414 68 415 -1,415 68 408 -1,415 408 416 -1,416 408 409 -1,416 409 417 -1,417 409 410 -1,417 410 418 -1,418 410 411 -1,418 411 419 -1,419 411 412 -1,419 234 418 -1,418 234 235 -1,418 235 417 -1,417 235 236 -1,417 236 416 -1,416 236 237 -1,416 237 415 -1,415 237 238 -1,415 238 414 -1,414 238 239 -1,414 239 413 -1,413 239 240 -1,
        ]
    }
}
Shape{
    appearance Appearance {
        material  Material {
            diffuseColor 1.0 1.0 1.0
            specularColor 0.5019607843137255 0.5019607843137255 0.5019607843137255
            ambientIntensity 0.2
            transparency 0
            shininess 0.5
        }
    }
    geometry IndexedFaceSet {
        ccw TRUE
        solid FALSE
        coord DEF co Coordinate {
            point [
                0.0534 -0.8878 0.8721, 0.0534 -0.8878 0.8629, 0.0534 -0.8839 0.8721, 0.0534 -0.8839 0.8629, 0.0215 -0.8878 0.8721, 0.0215 -0.8839 0.8721, 0.0215 -0.8878 0.9430, 0.0215 -0.8839 0.9430, 0.0112 -0.8878 0.9430, 0.0112 -0.8839 0.9430, 0.0112 -0.8878 0.8629, 0.0112 -0.8839 0.8629, 0.0945 -0.8878 0.8616, 0.0945 -0.8839 0.8616, 0.1067 -0.8878 0.8628, 0.1015 -0.8839 0.8623, 0.1067 -0.8839 0.8628, 0.1153 -0.8839 0.8656, 0.1153 -0.8878 0.8656, 0.1166 -0.8839 0.8663, 0.1166 -0.8878 0.8663, 0.1166 -0.8878 0.8762, 0.1166 -0.8839 0.8762, 0.1088 -0.8839 0.8726, 0.1088 -0.8878 0.8726, 0.0997 -0.8839 0.8709, 0.0997 -0.8878 0.8709, 0.0960 -0.8839 0.8708, 0.0960 -0.8878 0.8708, 0.0879 -0.8839 0.8718, 0.0879 -0.8878 0.8718, 0.0822 -0.8839 0.8740, 0.0822 -0.8878 0.8740, 0.0769 -0.8839 0.8777, 0.0769 -0.8878 0.8777, 0.0754 -0.8839 0.8792, 0.0754 -0.8878 0.8792, 0.0715 -0.8839 0.8847, 0.0715 -0.8878 0.8847, 0.0689 -0.8839 0.8911, 0.0689 -0.8878 0.8911, 0.0676 -0.8839 0.8991, 0.0676 -0.8878 0.8991, 0.0675 -0.8839 0.9021, 0.0675 -0.8878 0.9021, 0.0689 -0.8839 0.9132, 0.0689 -0.8878 0.9132, 0.0716 -0.8839 0.9201, 0.0716 -0.8878 0.9201, 0.0759 -0.8839 0.9261, 0.0759 -0.8878 0.9261, 0.0814 -0.8839 0.9306, 0.0814 -0.8878 0.9306, 0.0877 -0.8839 0.9336, 0.0877 -0.8878 0.9336, 0.0947 -0.8839 0.9349, 0.0947 -0.8878 0.9349, 0.0978 -0.8839 0.9350, 0.0978 -0.8878 0.9350, 0.1076 -0.8839 0.9338, 0.1076 -0.8878 0.9338, 0.1157 -0.8839 0.9308, 0.1157 -0.8878 0.9308, 0.1166 -0.8839 0.9303, 0.1166 -0.8878 0.9303, 0.1166 -0.8878 0.9411, 0.1166 -0.8839 0.9411, 0.0977 -0.8839 0.9444, 0.0977 -0.8878 0.9444, 0.0978 -0.8878 0.9444, 0.1083 -0.8839 0.9435, 0.1083 -0.8878 0.9435, 0.1062 -0.8839 0.9437, 0.0978 -0.8839 0.9444, 0.0921 -0.8839 0.9437, 0.0860 -0.8878 0.9429, 0.0860 -0.8839 0.9429, 0.0776 -0.8839 0.9397, 0.0776 -0.8878 0.9397, 0.0702 -0.8839 0.9344, 0.0702 -0.8878 0.9344, 0.0682 -0.8839 0.9326, 0.0682 -0.8878 0.9326, 0.0624 -0.8839 0.9250, 0.0603 -0.8839 0.9199, 0.0586 -0.8878 0.9161, 0.0624 -0.8878 0.9250, 0.0586 -0.8839 0.9161, 0.0568 -0.8839 0.9056, 0.0568 -0.8878 0.9056, 0.0567 -0.8839 0.9015, 0.0567 -0.8878 0.9015, 0.0583 -0.8839 0.8883, 0.0603 -0.8839 0.8833, 0.0616 -0.8878 0.8800, 0.0583 -0.8878 0.8883, 0.0616 -0.8839 0.8800, 0.0670 -0.8839 0.8725, 0.0670 -0.8878 0.8725, 0.0896 -0.8878 0.8618, 0.0734 -0.8839 0.8672, 0.0734 -0.8878 0.8672, 0.0810 -0.8839 0.8636, 0.0810 -0.8878 0.8636, 0.0875 -0.8839 0.8623, 0.0896 -0.8839 0.8618, 0.1757 -0.8878 0.8721, 0.1757 -0.8878 0.8629, 0.1757 -0.8839 0.8721, 0.1757 -0.8839 0.8629, 0.1430 -0.8839 0.8721, 0.1430 -0.8878 0.8721, 0.1646 -0.8839 0.8721, 0.1430 -0.8878 0.8990, 0.1430 -0.8839 0.8990, 0.1716 -0.8878 0.8990, 0.1646 -0.8839 0.8990, 0.1716 -0.8839 0.8990, 0.1716 -0.8878 0.9082, 0.1716 -0.8839 0.9082, 0.1430 -0.8839 0.9082, 0.1430 -0.8878 0.9082, 0.1646 -0.8839 0.9082, 0.1430 -0.8878 0.9338, 0.1430 -0.8839 0.9338, 0.1739 -0.8878 0.9338, 0.1646 -0.8839 0.9338, 0.1739 -0.8839 0.9338, 0.1739 -0.8878 0.9430, 0.1739 -0.8839 0.9430, 0.1327 -0.8839 0.9430, 0.1327 -0.8878 0.9430, 0.1646 -0.8839 0.9430, 0.1327 -0.8878 0.8629, 0.1327 -0.8839 0.8629, 0.1646 -0.8839 0.8629, 0.2406 -0.8878 0.8854, 0.2366 -0.8878 0.8804, 0.2440 -0.8878 0.8742, 0.2351 -0.8878 0.8791, 0.2357 -0.8878 0.8682, 0.2298 -0.8878 0.8756, 0.2266 -0.8878 0.8646, 0.2230 -0.8878 0.8732, 0.2129 -0.8878 0.8629, 0.2128 -0.8878 0.8721, 0.1908 -0.8878 0.8629, 0.2012 -0.8878 0.8721, 0.1908 -0.8878 0.9430, 0.2012 -0.8878 0.9338, 0.2137 -0.8878 0.9430, 0.2133 -0.8878 0.9338, 0.2259 -0.8878 0.9417, 0.2236 -0.8878 0.9327, 0.2356 -0.8878 0.9381, 0.2305 -0.8878 0.9302, 0.2440 -0.8878 0.9324, 0.2364 -0.8878 0.9263, 0.2467 -0.8878 0.9297, 0.2390 -0.8878 0.9236, 0.2517 -0.8878 0.9227, 0.2420 -0.8878 0.9190, 0.2547 -0.8878 0.9151, 0.2442 -0.8878 0.9129, 0.2560 -0.8878 0.9040, 0.2452 -0.8878 0.9037, 0.2558 -0.8878 0.8989, 0.2449 -0.8878 0.8987, 0.2539 -0.8878 0.8895, 0.2434 -0.8878 0.8913, 0.2499 -0.8878 0.8813, 0.2129 -0.8839 0.8629, 0.1908 -0.8839 0.8629, 0.2440 -0.8839 0.8742, 0.2266 -0.8839 0.8646, 0.2275 -0.8839 0.8650, 0.2357 -0.8839 0.8682, 0.2499 -0.8839 0.8813, 0.2539 -0.8839 0.8895, 0.2558 -0.8839 0.8989, 0.2560 -0.8839 0.9040, 0.2547 -0.8839 0.9151, 0.2517 -0.8839 0.9227, 0.2467 -0.8839 0.9297, 0.2440 -0.8839 0.9324, 0.2137 -0.8839 0.9430, 0.2356 -0.8839 0.9381, 0.2275 -0.8839 0.9411, 0.2259 -0.8839 0.9417, 0.1908 -0.8839 0.9430, 0.2133 -0.8839 0.9338, 0.2012 -0.8839 0.9338, 0.2012 -0.8839 0.8721, 0.2128 -0.8839 0.8721, 0.2366 -0.8839 0.8804, 0.2351 -0.8839 0.8791, 0.2298 -0.8839 0.8756, 0.2230 -0.8839 0.8732, 0.2452 -0.8839 0.9037, 0.2449 -0.8839 0.8987, 0.2434 -0.8839 0.8913, 0.2406 -0.8839 0.8854, 0.2364 -0.8839 0.9263, 0.2390 -0.8839 0.9236, 0.2420 -0.8839 0.9190, 0.2442 -0.8839 0.9129, 0.2236 -0.8839 0.9327, 0.2305 -0.8839 0.9302, 0.2305 -0.8839 0.9302
            ]
        }
        coordIndex [
            0 1 2 -1,2 1 3 -1,4 0 5 -1,5 0 2 -1,6 4 7 -1,7 4 5 -1,8 6 9 -1,9 6 7 -1,10 8 11 -1,11 8 9 -1,1 10 3 -1,3 10 11 -1,6 8 4 -1,4 8 10 -1,4 10 0 -1,0 10 1 -1,12 13 14 -1,14 13 15 -1,15 16 14 -1,14 16 17 -1,14 17 18 -1,18 17 19 -1,18 19 20 -1,21 20 22 -1,22 20 19 -1,21 22 23 -1,21 23 24 -1,24 23 25 -1,24 25 26 -1,26 25 27 -1,26 27 28 -1,28 27 29 -1,28 29 30 -1,30 29 31 -1,30 31 32 -1,32 31 33 -1,32 33 34 -1,34 33 35 -1,34 35 36 -1,36 35 37 -1,36 37 38 -1,38 37 39 -1,38 39 40 -1,40 39 41 -1,40 41 42 -1,42 41 43 -1,42 43 44 -1,44 43 45 -1,44 45 46 -1,46 45 47 -1,46 47 48 -1,48 47 49 -1,48 49 50 -1,50 49 51 -1,50 51 52 -1,52 51 53 -1,52 53 54 -1,54 53 55 -1,54 55 56 -1,56 55 57 -1,56 57 58 -1,58 57 59 -1,58 59 60 -1,60 59 61 -1,60 61 62 -1,62 61 63 -1,62 63 64 -1,65 64 66 -1,66 64 63 -1,67 68 69 -1,65 66 70 -1,65 70 71 -1,71 70 72 -1,71 72 69 -1,69 72 73 -1,69 73 67 -1,68 67 74 -1,68 74 75 -1,74 76 75 -1,75 76 77 -1,75 77 78 -1,78 77 79 -1,78 79 80 -1,80 79 81 -1,80 81 82 -1,82 81 83 -1,84 85 83 -1,83 85 86 -1,83 86 82 -1,84 87 85 -1,85 87 88 -1,85 88 89 -1,89 88 90 -1,89 90 91 -1,91 90 92 -1,93 94 92 -1,92 94 95 -1,92 95 91 -1,93 96 94 -1,94 96 97 -1,94 97 98 -1,13 12 99 -1,98 97 100 -1,98 100 101 -1,101 100 102 -1,101 102 103 -1,103 102 104 -1,103 104 99 -1,99 104 105 -1,99 105 13 -1,62 64 65 -1,52 80 50 -1,50 80 82 -1,50 82 48 -1,48 82 86 -1,48 86 46 -1,62 65 60 -1,60 65 71 -1,60 71 58 -1,58 71 69 -1,58 69 56 -1,56 69 68 -1,56 68 54 -1,54 68 75 -1,54 75 52 -1,52 75 78 -1,52 78 80 -1,91 44 89 -1,89 44 46 -1,89 46 85 -1,85 46 86 -1,20 21 18 -1,18 21 24 -1,18 24 14 -1,14 24 26 -1,14 26 12 -1,12 26 28 -1,12 28 99 -1,99 28 30 -1,99 30 103 -1,103 30 32 -1,103 32 101 -1,101 32 34 -1,101 34 98 -1,98 34 36 -1,98 36 94 -1,94 36 38 -1,94 38 95 -1,95 38 40 -1,95 40 91 -1,91 40 42 -1,91 42 44 -1,106 107 108 -1,108 107 109 -1,110 111 112 -1,112 111 106 -1,112 106 108 -1,113 111 114 -1,114 111 110 -1,113 114 115 -1,115 114 116 -1,115 116 117 -1,118 115 119 -1,119 115 117 -1,120 121 122 -1,122 121 118 -1,122 118 119 -1,123 121 124 -1,124 121 120 -1,123 124 125 -1,125 124 126 -1,125 126 127 -1,128 125 129 -1,129 125 127 -1,130 131 132 -1,132 131 128 -1,132 128 129 -1,133 131 134 -1,134 131 130 -1,133 134 107 -1,107 134 135 -1,107 135 109 -1,133 107 106 -1,106 111 133 -1,133 111 113 -1,133 113 131 -1,125 128 123 -1,123 128 131 -1,123 131 121 -1,121 131 113 -1,121 113 118 -1,118 113 115 -1,136 137 138 -1,138 137 139 -1,138 139 140 -1,140 139 141 -1,140 141 142 -1,142 141 143 -1,142 143 144 -1,144 143 145 -1,144 145 146 -1,146 145 147 -1,146 147 148 -1,148 147 149 -1,148 149 150 -1,150 149 151 -1,150 151 152 -1,152 151 153 -1,152 153 154 -1,154 153 155 -1,154 155 156 -1,156 155 157 -1,156 157 158 -1,158 157 159 -1,158 159 160 -1,160 159 161 -1,160 161 162 -1,162 161 163 -1,162 163 164 -1,164 163 165 -1,164 165 166 -1,166 165 167 -1,166 167 168 -1,168 167 169 -1,168 169 170 -1,170 169 136 -1,170 136 138 -1,144 146 171 -1,171 146 172 -1,173 138 140 -1,144 171 174 -1,144 174 142 -1,142 174 175 -1,142 175 140 -1,140 175 176 -1,140 176 173 -1,138 173 177 -1,138 177 170 -1,170 177 178 -1,170 178 168 -1,168 178 179 -1,168 179 166 -1,166 179 180 -1,166 180 164 -1,164 180 181 -1,164 181 162 -1,162 181 182 -1,162 182 160 -1,160 182 183 -1,160 183 158 -1,158 183 184 -1,158 184 156 -1,185 150 152 -1,156 184 186 -1,156 186 154 -1,154 186 187 -1,154 187 152 -1,152 187 188 -1,152 188 185 -1,148 150 189 -1,189 150 185 -1,146 148 172 -1,172 148 189 -1,151 149 190 -1,190 149 191 -1,149 147 191 -1,191 147 192 -1,147 145 192 -1,192 145 193 -1,137 194 195 -1,137 195 139 -1,139 195 196 -1,139 196 141 -1,141 196 197 -1,141 197 143 -1,143 197 193 -1,143 193 145 -1,165 198 199 -1,165 199 167 -1,167 199 200 -1,167 200 169 -1,169 200 201 -1,169 201 136 -1,136 201 194 -1,136 194 137 -1,157 202 203 -1,157 203 159 -1,159 203 204 -1,159 204 161 -1,161 204 205 -1,161 205 163 -1,163 205 198 -1,163 198 165 -1,151 190 206 -1,151 206 153 -1,153 206 207 -1,153 207 155 -1,155 207 202 -1,155 202 157 -1,
        ]
    }
}
Shape{
    appearance Appearance {
        material  Material {
            diffuseColor 0.25098039215686274 0.25098039215686274 0.25098039215686274
            specularColor 0.12549019607843137 0.12549019607843137 0.12549019607843137
            ambientIntensity 0.2
            transparency 0
            shininess 0.5
        }
    }
    geometry IndexedFaceSet {
        ccw TRUE
        solid FALSE
        coord DEF co Coordinate {
            point [
                0.2012 -0.8839 0.9338, 0.2012 -0.8839 0.8721, 0.2133 -0.8839 0.9338, 0.2128 -0.8839 0.8721, 0.2230 -0.8839 0.8732, 0.2298 -0.8839 0.8756, 0.2351 -0.8839 0.8791, 0.2366 -0.8839 0.8804, 0.2406 -0.8839 0.8854, 0.2434 -0.8839 0.8913, 0.2449 -0.8839 0.8987, 0.2452 -0.8839 0.9037, 0.2442 -0.8839 0.9129, 0.2420 -0.8839 0.9190, 0.2390 -0.8839 0.9236, 0.2364 -0.8839 0.9263, 0.2236 -0.8839 0.9327, 0.2305 -0.8839 0.9302, 0.2305 -0.8839 0.9302
            ]
        }
        coordIndex [
            0 1 2 -1,2 1 3 -1,2 3 4 -1,4 5 2 -1,2 5 6 -1,2 6 7 -1,7 8 2 -1,2 8 9 -1,2 9 10 -1,10 11 2 -1,2 11 12 -1,2 12 13 -1,13 14 2 -1,2 14 15 -1,2 15 16 -1,16 15 17 -1,
        ]
    }
}
Shape{
    appearance Appearance {
        material  Material {
            diffuseColor 1.0 1.0 1.0
            specularColor 0.5019607843137255 0.5019607843137255 0.5019607843137255
            ambientIntensity 0.2
            transparency 0
            shininess 0.5
        }
    }
    geometry IndexedFaceSet {
        ccw TRUE
        solid FALSE
        coord DEF co Coordinate {
            point [
                0.2829 -0.8878 0.8939, 0.2796 -0.8878 0.8848, 0.3097 -0.8878 0.8939, 0.3129 -0.8878 0.8848, 0.2948 -0.8878 0.9272, 0.2910 -0.8878 0.9430, 0.2605 -0.8878 0.8629, 0.2719 -0.8878 0.8629, 0.2955 -0.8878 0.9296, 0.2962 -0.8878 0.9328, 0.3020 -0.8878 0.9430, 0.2964 -0.8878 0.9328, 0.2970 -0.8878 0.9294, 0.2976 -0.8878 0.9272, 0.3325 -0.8878 0.8629, 0.3211 -0.8878 0.8629, 0.3020 -0.8839 0.9430, 0.3325 -0.8839 0.8629, 0.2910 -0.8839 0.9430, 0.2605 -0.8839 0.8629, 0.2836 -0.8839 0.9235, 0.2719 -0.8839 0.8629, 0.2796 -0.8839 0.8848, 0.3129 -0.8839 0.8848, 0.2836 -0.8839 0.8848, 0.3211 -0.8839 0.8629, 0.2829 -0.8839 0.8939, 0.3097 -0.8839 0.8939, 0.2976 -0.8839 0.9272, 0.2964 -0.8839 0.9328, 0.2970 -0.8839 0.9294, 0.2962 -0.8839 0.9328, 0.2948 -0.8839 0.9272, 0.2955 -0.8839 0.9296, 0.2955 -0.8839 0.9296
            ]
        }
        coordIndex [
            0 1 2 -1,2 1 3 -1,4 5 0 -1,0 5 6 -1,0 6 1 -1,1 6 7 -1,4 8 5 -1,5 8 9 -1,5 9 10 -1,10 9 11 -1,10 11 12 -1,12 13 10 -1,10 13 2 -1,10 2 14 -1,14 2 3 -1,14 3 15 -1,10 14 16 -1,16 14 17 -1,5 10 18 -1,18 10 16 -1,19 6 20 -1,20 6 5 -1,20 5 18 -1,7 6 21 -1,21 6 19 -1,1 7 22 -1,22 7 21 -1,23 3 24 -1,24 3 1 -1,24 1 22 -1,15 3 25 -1,25 3 23 -1,14 15 17 -1,17 15 25 -1,0 2 26 -1,26 2 27 -1,2 13 27 -1,27 13 28 -1,11 29 30 -1,11 30 12 -1,12 30 28 -1,12 28 13 -1,11 9 29 -1,29 9 31 -1,4 32 33 -1,4 33 8 -1,8 33 31 -1,8 31 9 -1,4 0 32 -1,32 0 26 -1,
        ]
    }
}
Shape{
    appearance Appearance {
        material  Material {
            diffuseColor 0.25098039215686274 0.25098039215686274 0.25098039215686274
            specularColor 0.12549019607843137 0.12549019607843137 0.12549019607843137
            ambientIntensity 0.2
            transparency 0
            shininess 0.5
        }
    }
    geometry IndexedFaceSet {
        ccw TRUE
        solid FALSE
        coord DEF co Coordinate {
            point [
                0.2964 -0.8839 0.9328, 0.2962 -0.8839 0.9328, 0.2970 -0.8839 0.9294, 0.2955 -0.8839 0.9296, 0.2976 -0.8839 0.9272, 0.2948 -0.8839 0.9272, 0.3097 -0.8839 0.8939, 0.2829 -0.8839 0.8939, 0.2829 -0.8839 0.8939
            ]
        }
        coordIndex [
            0 1 2 -1,2 1 3 -1,2 3 4 -1,4 3 5 -1,4 5 6 -1,6 5 7 -1,
        ]
    }
}
Shape{
    appearance Appearance {
        material  Material {
            diffuseColor 1.0 1.0 1.0
            specularColor 0.5019607843137255 0.5019607843137255 0.5019607843137255
            ambientIntensity 0.2
            transparency 0
            shininess 0.5
        }
    }
    geometry IndexedFaceSet {
        ccw TRUE
        solid FALSE
        coord DEF co Coordinate {
            point [
                0.0542 -0.8878 0.7450, 0.0542 -0.8878 0.7359, 0.0542 -0.8839 0.7450, 0.0542 -0.8839 0.7359, 0.0215 -0.8878 0.7450, 0.0215 -0.8839 0.7450, 0.0215 -0.8878 0.7720, 0.0215 -0.8839 0.7720, 0.0501 -0.8878 0.7720, 0.0501 -0.8839 0.7720, 0.0501 -0.8878 0.7812, 0.0501 -0.8839 0.7812, 0.0215 -0.8878 0.7812, 0.0215 -0.8839 0.7812, 0.0215 -0.8878 0.8068, 0.0215 -0.8839 0.8068, 0.0524 -0.8878 0.8068, 0.0524 -0.8839 0.8068, 0.0524 -0.8878 0.8160, 0.0524 -0.8839 0.8160, 0.0112 -0.8878 0.8160, 0.0112 -0.8839 0.8160, 0.0112 -0.8878 0.7359, 0.0112 -0.8839 0.7359, 0.1098 -0.8878 0.7727, 0.0998 -0.8878 0.7646, 0.0998 -0.8878 0.7591, 0.0995 -0.8878 0.7448, 0.0998 -0.8878 0.7448, 0.0992 -0.8878 0.7543, 0.0998 -0.8878 0.7359, 0.1098 -0.8878 0.7359, 0.0741 -0.8878 0.7536, 0.0746 -0.8878 0.7559, 0.0659 -0.8878 0.7603, 0.0761 -0.8878 0.7462, 0.0688 -0.8878 0.7391, 0.0769 -0.8878 0.7454, 0.0720 -0.8878 0.7368, 0.0789 -0.8878 0.7440, 0.0759 -0.8878 0.7353, 0.0812 -0.8878 0.7432, 0.0679 -0.8878 0.7632, 0.0755 -0.8878 0.7578, 0.0709 -0.8878 0.7658, 0.0767 -0.8878 0.7593, 0.0752 -0.8878 0.7680, 0.0816 -0.8878 0.7346, 0.0820 -0.8878 0.7346, 0.0846 -0.8878 0.7428, 0.0869 -0.8878 0.7351, 0.0887 -0.8878 0.7433, 0.0910 -0.8878 0.7365, 0.0917 -0.8878 0.7445, 0.0947 -0.8878 0.7389, 0.0945 -0.8878 0.7465, 0.0979 -0.8878 0.7423, 0.0955 -0.8878 0.7475, 0.0978 -0.8878 0.7507, 0.0780 -0.8878 0.7603, 0.0804 -0.8878 0.7614, 0.0828 -0.8878 0.7699, 0.0864 -0.8878 0.7628, 0.0998 -0.8878 0.7723, 0.0645 -0.8878 0.7567, 0.0639 -0.8878 0.7524, 0.0740 -0.8878 0.7520, 0.0638 -0.8878 0.7512, 0.0743 -0.8878 0.7497, 0.0644 -0.8878 0.7466, 0.0749 -0.8878 0.7479, 0.0656 -0.8878 0.7432, 0.0677 -0.8878 0.7401, 0.0694 -0.8878 0.7891, 0.0694 -0.8878 0.7793, 0.0714 -0.8878 0.7903, 0.0764 -0.8878 0.7837, 0.0789 -0.8878 0.7932, 0.0827 -0.8878 0.7857, 0.0891 -0.8878 0.7944, 0.0882 -0.8878 0.7863, 0.0951 -0.8878 0.7939, 0.0916 -0.8878 0.7859, 0.0993 -0.8878 0.7926, 0.0939 -0.8878 0.7851, 0.1027 -0.8878 0.7907, 0.0957 -0.8878 0.7839, 0.1053 -0.8878 0.7882, 0.0972 -0.8878 0.7823, 0.1074 -0.8878 0.7850, 0.0984 -0.8878 0.7802, 0.1090 -0.8878 0.7804, 0.0994 -0.8878 0.7766, 0.0891 -0.8839 0.7944, 0.0789 -0.8839 0.7932, 0.0714 -0.8839 0.7903, 0.0694 -0.8839 0.7891, 0.0694 -0.8839 0.7793, 0.0764 -0.8839 0.7837, 0.0827 -0.8839 0.7857, 0.0882 -0.8839 0.7863, 0.0916 -0.8839 0.7859, 0.0939 -0.8839 0.7851, 0.0957 -0.8839 0.7839, 0.0972 -0.8839 0.7823, 0.0984 -0.8839 0.7802, 0.0994 -0.8839 0.7766, 0.0998 -0.8839 0.7723, 0.0828 -0.8839 0.7699, 0.0752 -0.8839 0.7680, 0.0709 -0.8839 0.7658, 0.0679 -0.8839 0.7632, 0.0659 -0.8839 0.7603, 0.0645 -0.8839 0.7567, 0.0639 -0.8839 0.7524, 0.0638 -0.8839 0.7512, 0.0644 -0.8839 0.7466, 0.0656 -0.8839 0.7432, 0.0677 -0.8839 0.7401, 0.0688 -0.8839 0.7391, 0.0820 -0.8839 0.7346, 0.0720 -0.8839 0.7368, 0.0759 -0.8839 0.7353, 0.0763 -0.8839 0.7352, 0.0816 -0.8839 0.7346, 0.0869 -0.8839 0.7351, 0.0874 -0.8839 0.7352, 0.0910 -0.8839 0.7365, 0.0947 -0.8839 0.7389, 0.0979 -0.8839 0.7423, 0.0995 -0.8839 0.7448, 0.0998 -0.8839 0.7448, 0.0998 -0.8839 0.7359, 0.1098 -0.8839 0.7359, 0.1098 -0.8839 0.7727, 0.1090 -0.8839 0.7804, 0.1074 -0.8839 0.7850, 0.1053 -0.8839 0.7882, 0.1027 -0.8839 0.7907, 0.0993 -0.8839 0.7926, 0.0951 -0.8839 0.7939, 0.0767 -0.8839 0.7593, 0.0780 -0.8839 0.7603, 0.0804 -0.8839 0.7614, 0.0864 -0.8839 0.7628, 0.0740 -0.8839 0.7520, 0.0741 -0.8839 0.7536, 0.0746 -0.8839 0.7559, 0.0755 -0.8839 0.7578, 0.0769 -0.8839 0.7454, 0.0761 -0.8839 0.7462, 0.0749 -0.8839 0.7479, 0.0743 -0.8839 0.7497, 0.0846 -0.8839 0.7428, 0.0812 -0.8839 0.7432, 0.0789 -0.8839 0.7440, 0.0955 -0.8839 0.7475, 0.0945 -0.8839 0.7465, 0.0917 -0.8839 0.7445, 0.0887 -0.8839 0.7433, 0.0998 -0.8839 0.7591, 0.0992 -0.8839 0.7543, 0.0978 -0.8839 0.7507, 0.0998 -0.8839 0.7646, 0.0998 -0.8839 0.7646
            ]
        }
        coordIndex [
            0 1 2 -1,2 1 3 -1,4 0 5 -1,5 0 2 -1,6 4 7 -1,7 4 5 -1,8 6 9 -1,9 6 7 -1,10 8 11 -1,11 8 9 -1,12 10 13 -1,13 10 11 -1,14 12 15 -1,15 12 13 -1,16 14 17 -1,17 14 15 -1,18 16 19 -1,19 16 17 -1,20 18 21 -1,21 18 19 -1,22 20 23 -1,23 20 21 -1,1 22 3 -1,3 22 23 -1,22 1 0 -1,0 4 22 -1,22 4 6 -1,22 6 20 -1,16 18 14 -1,14 18 20 -1,14 20 12 -1,12 20 6 -1,12 6 10 -1,10 6 8 -1,24 25 26 -1,27 28 29 -1,30 31 28 -1,28 31 24 -1,28 24 29 -1,29 24 26 -1,32 33 34 -1,35 36 37 -1,37 36 38 -1,37 38 39 -1,39 38 40 -1,39 40 41 -1,34 33 42 -1,42 33 43 -1,42 43 44 -1,44 43 45 -1,44 45 46 -1,40 47 41 -1,41 47 48 -1,41 48 49 -1,49 48 50 -1,49 50 51 -1,51 50 52 -1,51 52 53 -1,53 52 54 -1,53 54 55 -1,55 54 56 -1,55 56 57 -1,57 56 27 -1,57 27 58 -1,58 27 29 -1,45 59 46 -1,46 59 60 -1,46 60 61 -1,61 60 62 -1,61 62 63 -1,34 64 32 -1,32 64 65 -1,32 65 66 -1,66 65 67 -1,66 67 68 -1,68 67 69 -1,68 69 70 -1,70 69 71 -1,70 71 35 -1,35 71 72 -1,35 72 36 -1,73 74 75 -1,75 74 76 -1,75 76 77 -1,77 76 78 -1,77 78 79 -1,79 78 80 -1,79 80 81 -1,81 80 82 -1,81 82 83 -1,83 82 84 -1,83 84 85 -1,85 84 86 -1,85 86 87 -1,87 86 88 -1,87 88 89 -1,89 88 90 -1,89 90 91 -1,91 90 92 -1,91 92 24 -1,24 92 63 -1,24 63 25 -1,25 63 62 -1,79 93 94 -1,79 94 77 -1,77 94 95 -1,77 95 75 -1,75 95 96 -1,75 96 73 -1,74 73 97 -1,97 73 96 -1,74 97 98 -1,74 98 76 -1,76 98 99 -1,76 99 78 -1,78 99 100 -1,78 100 80 -1,80 100 101 -1,80 101 82 -1,82 101 102 -1,82 102 84 -1,84 102 103 -1,84 103 86 -1,86 103 104 -1,86 104 88 -1,88 104 105 -1,88 105 90 -1,90 105 106 -1,90 106 92 -1,92 106 107 -1,92 107 63 -1,61 63 108 -1,108 63 107 -1,61 108 109 -1,61 109 46 -1,46 109 110 -1,46 110 44 -1,44 110 111 -1,44 111 42 -1,42 111 112 -1,42 112 34 -1,34 112 113 -1,34 113 64 -1,64 113 114 -1,64 114 65 -1,65 114 115 -1,65 115 67 -1,67 115 116 -1,67 116 69 -1,69 116 117 -1,69 117 71 -1,71 117 118 -1,71 118 72 -1,72 118 119 -1,72 119 36 -1,120 48 47 -1,36 119 121 -1,36 121 38 -1,38 121 122 -1,38 122 40 -1,40 122 123 -1,40 123 47 -1,47 123 124 -1,47 124 120 -1,48 120 125 -1,48 125 50 -1,50 125 126 -1,50 126 52 -1,126 127 52 -1,52 127 128 -1,52 128 54 -1,54 128 129 -1,54 129 56 -1,56 129 130 -1,56 130 27 -1,28 27 131 -1,131 27 130 -1,30 28 132 -1,132 28 131 -1,31 30 133 -1,133 30 132 -1,24 31 134 -1,134 31 133 -1,24 134 135 -1,24 135 91 -1,91 135 136 -1,91 136 89 -1,89 136 137 -1,89 137 87 -1,87 137 138 -1,87 138 85 -1,85 138 139 -1,85 139 83 -1,83 139 140 -1,83 140 81 -1,81 140 93 -1,81 93 79 -1,45 141 142 -1,45 142 59 -1,59 142 143 -1,59 143 60 -1,60 143 144 -1,60 144 62 -1,66 145 146 -1,66 146 32 -1,32 146 147 -1,32 147 33 -1,33 147 148 -1,33 148 43 -1,43 148 141 -1,43 141 45 -1,37 149 150 -1,37 150 35 -1,35 150 151 -1,35 151 70 -1,70 151 152 -1,70 152 68 -1,68 152 145 -1,68 145 66 -1,49 153 154 -1,49 154 41 -1,41 154 155 -1,41 155 39 -1,39 155 149 -1,39 149 37 -1,57 156 157 -1,57 157 55 -1,55 157 158 -1,55 158 53 -1,53 158 159 -1,53 159 51 -1,51 159 153 -1,51 153 49 -1,26 160 161 -1,26 161 29 -1,29 161 162 -1,29 162 58 -1,58 162 156 -1,58 156 57 -1,26 25 160 -1,160 25 163 -1,25 62 163 -1,163 62 144 -1,
        ]
    }
}
Shape{
    appearance Appearance {
        material  Material {
            diffuseColor 0.25098039215686274 0.25098039215686274 0.25098039215686274
            specularColor 0.12549019607843137 0.12549019607843137 0.12549019607843137
            ambientIntensity 0.2
            transparency 0
            shininess 0.5
        }
    }
    geometry IndexedFaceSet {
        ccw TRUE
        solid FALSE
        coord DEF co Coordinate {
            point [
                0.0998 -0.8839 0.7591, 0.0998 -0.8839 0.7646, 0.0864 -0.8839 0.7628, 0.0945 -0.8839 0.7465, 0.0955 -0.8839 0.7475, 0.0804 -0.8839 0.7614, 0.0780 -0.8839 0.7603, 0.0887 -0.8839 0.7433, 0.0917 -0.8839 0.7445, 0.0978 -0.8839 0.7507, 0.0992 -0.8839 0.7543, 0.0767 -0.8839 0.7593, 0.0755 -0.8839 0.7578, 0.0746 -0.8839 0.7559, 0.0741 -0.8839 0.7536, 0.0740 -0.8839 0.7520, 0.0743 -0.8839 0.7497, 0.0789 -0.8839 0.7440, 0.0812 -0.8839 0.7432, 0.0769 -0.8839 0.7454, 0.0846 -0.8839 0.7428, 0.0749 -0.8839 0.7479, 0.0761 -0.8839 0.7462, 0.0761 -0.8839 0.7462
            ]
        }
        coordIndex [
            0 1 2 -1,3 4 2 -1,5 6 7 -1,5 7 2 -1,2 7 8 -1,2 8 3 -1,4 9 2 -1,2 9 10 -1,2 10 0 -1,6 11 7 -1,7 11 12 -1,7 12 13 -1,13 14 7 -1,7 14 15 -1,7 15 16 -1,17 18 19 -1,19 18 20 -1,19 20 7 -1,16 21 7 -1,7 21 22 -1,7 22 19 -1,
        ]
    }
}
Shape{
    appearance Appearance {
        material  Material {
            diffuseColor 1.0 1.0 1.0
            specularColor 0.5019607843137255 0.5019607843137255 0.5019607843137255
            ambientIntensity 0.2
            transparency 0
            shininess 0.5
        }
    }
    geometry IndexedFaceSet {
        ccw TRUE
        solid FALSE
        coord DEF co Coordinate {
            point [
                0.1234 -0.8839 0.7483, 0.1234 -0.8878 0.7483, 0.1270 -0.8878 0.7460, 0.1399 -0.8878 0.7428, 0.1399 -0.8839 0.7428, 0.1333 -0.8839 0.7436, 0.1333 -0.8878 0.7436, 0.1280 -0.8839 0.7456, 0.1270 -0.8839 0.7460, 0.1234 -0.8878 0.7379, 0.1234 -0.8839 0.7379, 0.1304 -0.8878 0.7355, 0.1280 -0.8839 0.7363, 0.1389 -0.8839 0.7346, 0.1389 -0.8878 0.7346, 0.1324 -0.8839 0.7352, 0.1304 -0.8839 0.7355, 0.1480 -0.8878 0.7357, 0.1445 -0.8839 0.7352, 0.1480 -0.8839 0.7357, 0.1533 -0.8839 0.7377, 0.1533 -0.8878 0.7377, 0.1556 -0.8839 0.7391, 0.1556 -0.8878 0.7391, 0.1587 -0.8839 0.7419, 0.1587 -0.8878 0.7419, 0.1605 -0.8839 0.7446, 0.1605 -0.8878 0.7446, 0.1616 -0.8839 0.7478, 0.1616 -0.8878 0.7478, 0.1620 -0.8839 0.7515, 0.1620 -0.8878 0.7515, 0.1615 -0.8839 0.7556, 0.1615 -0.8878 0.7556, 0.1604 -0.8839 0.7585, 0.1604 -0.8878 0.7585, 0.1586 -0.8839 0.7609, 0.1586 -0.8878 0.7609, 0.1563 -0.8839 0.7631, 0.1563 -0.8878 0.7631, 0.1496 -0.8839 0.7668, 0.1496 -0.8878 0.7668, 0.1457 -0.8839 0.7683, 0.1457 -0.8878 0.7683, 0.1395 -0.8839 0.7710, 0.1395 -0.8878 0.7710, 0.1360 -0.8839 0.7733, 0.1360 -0.8878 0.7733, 0.1350 -0.8839 0.7743, 0.1350 -0.8878 0.7743, 0.1343 -0.8839 0.7757, 0.1343 -0.8878 0.7757, 0.1339 -0.8839 0.7772, 0.1339 -0.8878 0.7772, 0.1338 -0.8839 0.7786, 0.1338 -0.8878 0.7786, 0.1340 -0.8839 0.7802, 0.1340 -0.8878 0.7802, 0.1345 -0.8839 0.7815, 0.1345 -0.8878 0.7815, 0.1353 -0.8839 0.7828, 0.1353 -0.8878 0.7828, 0.1368 -0.8839 0.7841, 0.1368 -0.8878 0.7841, 0.1391 -0.8839 0.7853, 0.1391 -0.8878 0.7853, 0.1418 -0.8839 0.7860, 0.1418 -0.8878 0.7860, 0.1447 -0.8839 0.7863, 0.1447 -0.8878 0.7863, 0.1517 -0.8839 0.7854, 0.1517 -0.8878 0.7854, 0.1574 -0.8839 0.7832, 0.1574 -0.8878 0.7832, 0.1593 -0.8839 0.7821, 0.1593 -0.8878 0.7821, 0.1593 -0.8878 0.7919, 0.1593 -0.8839 0.7919, 0.1527 -0.8839 0.7938, 0.1527 -0.8878 0.7938, 0.1457 -0.8839 0.7944, 0.1457 -0.8878 0.7944, 0.1377 -0.8839 0.7934, 0.1377 -0.8878 0.7934, 0.1323 -0.8839 0.7914, 0.1323 -0.8878 0.7914, 0.1299 -0.8839 0.7899, 0.1299 -0.8878 0.7899, 0.1280 -0.8839 0.7882, 0.1267 -0.8878 0.7870, 0.1267 -0.8839 0.7870, 0.1249 -0.8839 0.7842, 0.1249 -0.8878 0.7842, 0.1238 -0.8839 0.7810, 0.1238 -0.8878 0.7810, 0.1234 -0.8839 0.7777, 0.1234 -0.8878 0.7777, 0.1240 -0.8839 0.7734, 0.1240 -0.8878 0.7734, 0.1251 -0.8839 0.7704, 0.1251 -0.8878 0.7704, 0.1263 -0.8839 0.7686, 0.1263 -0.8878 0.7686, 0.1386 -0.8839 0.7611, 0.1386 -0.8878 0.7611, 0.1327 -0.8878 0.7638, 0.1279 -0.8839 0.7669, 0.1279 -0.8878 0.7669, 0.1280 -0.8839 0.7669, 0.1327 -0.8839 0.7638, 0.1452 -0.8839 0.7583, 0.1452 -0.8878 0.7583, 0.1491 -0.8839 0.7559, 0.1491 -0.8878 0.7559, 0.1504 -0.8839 0.7546, 0.1504 -0.8878 0.7546, 0.1512 -0.8839 0.7533, 0.1512 -0.8878 0.7533, 0.1516 -0.8839 0.7517, 0.1516 -0.8878 0.7517, 0.1517 -0.8839 0.7505, 0.1517 -0.8878 0.7505, 0.1515 -0.8839 0.7486, 0.1515 -0.8878 0.7486, 0.1510 -0.8839 0.7472, 0.1510 -0.8878 0.7472, 0.1501 -0.8839 0.7459, 0.1501 -0.8878 0.7459, 0.1490 -0.8839 0.7448, 0.1490 -0.8878 0.7448, 0.1481 -0.8839 0.7443, 0.1481 -0.8878 0.7443, 0.1455 -0.8839 0.7433, 0.1455 -0.8878 0.7433, 0.1403 -0.8839 0.7428, 0.1403 -0.8878 0.7428, 0.2117 -0.8878 0.7931, 0.2221 -0.8878 0.7931, 0.2117 -0.8839 0.7931, 0.2221 -0.8839 0.7931, 0.1961 -0.8878 0.7500, 0.1961 -0.8839 0.7500, 0.1953 -0.8839 0.7474, 0.1953 -0.8878 0.7474, 0.1949 -0.8839 0.7454, 0.1949 -0.8878 0.7454, 0.1946 -0.8878 0.7454, 0.1946 -0.8839 0.7454, 0.1934 -0.8878 0.7501, 0.1934 -0.8839 0.7501, 0.1784 -0.8839 0.7931, 0.1784 -0.8878 0.7931, 0.1833 -0.8839 0.7792, 0.1672 -0.8878 0.7931, 0.1672 -0.8839 0.7931, 0.1897 -0.8839 0.7360, 0.1897 -0.8878 0.7360, 0.1833 -0.8839 0.7523, 0.1853 -0.8839 0.7256, 0.1853 -0.8878 0.7256, 0.1893 -0.8839 0.7352, 0.1833 -0.8839 0.7221, 0.1830 -0.8878 0.7217, 0.1830 -0.8839 0.7217, 0.1810 -0.8839 0.7196, 0.1810 -0.8878 0.7196, 0.1791 -0.8839 0.7184, 0.1791 -0.8878 0.7184, 0.1769 -0.8839 0.7177, 0.1769 -0.8878 0.7177, 0.1750 -0.8839 0.7176, 0.1750 -0.8878 0.7176, 0.1713 -0.8839 0.7181, 0.1713 -0.8878 0.7181, 0.1693 -0.8839 0.7187, 0.1693 -0.8878 0.7187, 0.1693 -0.8878 0.7098, 0.1693 -0.8839 0.7098, 0.1735 -0.8839 0.7091, 0.1735 -0.8878 0.7091, 0.1758 -0.8839 0.7090, 0.1758 -0.8878 0.7090, 0.1800 -0.8839 0.7095, 0.1800 -0.8878 0.7095, 0.1833 -0.8839 0.7108, 0.1839 -0.8878 0.7110, 0.1839 -0.8839 0.7110, 0.1874 -0.8839 0.7135, 0.1874 -0.8878 0.7135, 0.1875 -0.8839 0.7136, 0.1875 -0.8878 0.7136, 0.1912 -0.8839 0.7178, 0.1912 -0.8878 0.7178, 0.1960 -0.8839 0.7268, 0.1960 -0.8878 0.7268, 0.1962 -0.8839 0.7273, 0.1962 -0.8878 0.7273, 0.1993 -0.8839 0.7352, 0.2760 -0.8878 0.7450, 0.2760 -0.8878 0.7359, 0.2760 -0.8839 0.7450, 0.2760 -0.8839 0.7359, 0.2433 -0.8839 0.7450, 0.2433 -0.8878 0.7450, 0.2583 -0.8839 0.7450, 0.2433 -0.8878 0.7720, 0.2433 -0.8839 0.7720, 0.2719 -0.8839 0.7720, 0.2719 -0.8878 0.7720, 0.2583 -0.8839 0.7720, 0.2719 -0.8878 0.7812, 0.2719 -0.8839 0.7812, 0.2433 -0.8839 0.7812, 0.2433 -0.8878 0.7812, 0.2583 -0.8839 0.7812, 0.2433 -0.8878 0.8068, 0.2433 -0.8839 0.8068, 0.2742 -0.8839 0.8068, 0.2742 -0.8878 0.8068, 0.2583 -0.8839 0.8068, 0.2742 -0.8878 0.8160, 0.2742 -0.8839 0.8160, 0.2329 -0.8839 0.8160, 0.2329 -0.8878 0.8160, 0.2583 -0.8839 0.8160, 0.2329 -0.8878 0.7359, 0.2329 -0.8839 0.7359, 0.2583 -0.8839 0.7359, 0.3409 -0.8878 0.7583, 0.3369 -0.8878 0.7534, 0.3442 -0.8878 0.7471, 0.3354 -0.8878 0.7521, 0.3360 -0.8878 0.7412, 0.3301 -0.8878 0.7486, 0.3269 -0.8878 0.7376, 0.3233 -0.8878 0.7461, 0.3131 -0.8878 0.7359, 0.3131 -0.8878 0.7450, 0.2911 -0.8878 0.7359, 0.3015 -0.8878 0.7450, 0.2911 -0.8878 0.8160, 0.3015 -0.8878 0.8068, 0.3140 -0.8878 0.8160, 0.3135 -0.8878 0.8068, 0.3262 -0.8878 0.8146, 0.3239 -0.8878 0.8056, 0.3358 -0.8878 0.8111, 0.3308 -0.8878 0.8031, 0.3442 -0.8878 0.8054, 0.3367 -0.8878 0.7992, 0.3470 -0.8878 0.8027, 0.3393 -0.8878 0.7966, 0.3520 -0.8878 0.7957, 0.3423 -0.8878 0.7920, 0.3549 -0.8878 0.7881, 0.3444 -0.8878 0.7859, 0.3563 -0.8878 0.7770, 0.3454 -0.8878 0.7767, 0.3561 -0.8878 0.7719, 0.3452 -0.8878 0.7716, 0.3541 -0.8878 0.7625, 0.3436 -0.8878 0.7643, 0.3502 -0.8878 0.7542, 0.3131 -0.8839 0.7359, 0.2911 -0.8839 0.7359, 0.3269 -0.8839 0.7376, 0.3360 -0.8839 0.7412, 0.3442 -0.8839 0.7471, 0.3502 -0.8839 0.7542, 0.3541 -0.8839 0.7625, 0.3561 -0.8839 0.7719, 0.3563 -0.8839 0.7770, 0.3549 -0.8839 0.7881, 0.3520 -0.8839 0.7957, 0.3470 -0.8839 0.8027, 0.3442 -0.8839 0.8054, 0.3358 -0.8839 0.8111, 0.3262 -0.8839 0.8146, 0.3140 -0.8839 0.8160, 0.2911 -0.8839 0.8160, 0.3135 -0.8839 0.8068, 0.3015 -0.8839 0.8068, 0.3015 -0.8839 0.7450, 0.3131 -0.8839 0.7450, 0.3369 -0.8839 0.7534, 0.3354 -0.8839 0.7521, 0.3301 -0.8839 0.7486, 0.3233 -0.8839 0.7461, 0.3454 -0.8839 0.7767, 0.3452 -0.8839 0.7716, 0.3436 -0.8839 0.7643, 0.3409 -0.8839 0.7583, 0.3367 -0.8839 0.7992, 0.3393 -0.8839 0.7966, 0.3423 -0.8839 0.7920, 0.3444 -0.8839 0.7859, 0.3239 -0.8839 0.8056, 0.3308 -0.8839 0.8031, 0.3308 -0.8839 0.8031
            ]
        }
        coordIndex [
            0 1 2 -1,3 4 5 -1,3 5 6 -1,6 5 7 -1,6 7 2 -1,2 7 8 -1,2 8 0 -1,9 1 10 -1,10 1 0 -1,9 10 11 -1,11 10 12 -1,13 14 15 -1,15 14 11 -1,15 11 16 -1,16 11 12 -1,14 13 17 -1,17 13 18 -1,18 19 17 -1,17 19 20 -1,17 20 21 -1,21 20 22 -1,21 22 23 -1,23 22 24 -1,23 24 25 -1,25 24 26 -1,25 26 27 -1,27 26 28 -1,27 28 29 -1,29 28 30 -1,29 30 31 -1,31 30 32 -1,31 32 33 -1,33 32 34 -1,33 34 35 -1,35 34 36 -1,35 36 37 -1,37 36 38 -1,37 38 39 -1,39 38 40 -1,39 40 41 -1,41 40 42 -1,41 42 43 -1,43 42 44 -1,43 44 45 -1,45 44 46 -1,45 46 47 -1,47 46 48 -1,47 48 49 -1,49 48 50 -1,49 50 51 -1,51 50 52 -1,51 52 53 -1,53 52 54 -1,53 54 55 -1,55 54 56 -1,55 56 57 -1,57 56 58 -1,57 58 59 -1,59 58 60 -1,59 60 61 -1,61 60 62 -1,61 62 63 -1,63 62 64 -1,63 64 65 -1,65 64 66 -1,65 66 67 -1,67 66 68 -1,67 68 69 -1,69 68 70 -1,69 70 71 -1,71 70 72 -1,71 72 73 -1,73 72 74 -1,73 74 75 -1,76 75 77 -1,77 75 74 -1,76 77 78 -1,76 78 79 -1,79 78 80 -1,79 80 81 -1,81 80 82 -1,81 82 83 -1,83 82 84 -1,83 84 85 -1,85 84 86 -1,85 86 87 -1,86 88 87 -1,87 88 89 -1,88 90 89 -1,89 90 91 -1,89 91 92 -1,92 91 93 -1,92 93 94 -1,94 93 95 -1,94 95 96 -1,96 95 97 -1,96 97 98 -1,98 97 99 -1,98 99 100 -1,100 99 101 -1,100 101 102 -1,103 104 105 -1,102 101 106 -1,102 106 107 -1,107 106 108 -1,107 108 105 -1,105 108 109 -1,105 109 103 -1,104 103 110 -1,104 110 111 -1,111 110 112 -1,111 112 113 -1,113 112 114 -1,113 114 115 -1,115 114 116 -1,115 116 117 -1,117 116 118 -1,117 118 119 -1,119 118 120 -1,119 120 121 -1,121 120 122 -1,121 122 123 -1,123 122 124 -1,123 124 125 -1,125 124 126 -1,125 126 127 -1,127 126 128 -1,127 128 129 -1,129 128 130 -1,129 130 131 -1,131 130 132 -1,131 132 133 -1,133 132 134 -1,133 134 135 -1,135 134 4 -1,135 4 3 -1,59 61 87 -1,87 61 85 -1,85 61 63 -1,85 63 83 -1,125 25 27 -1,111 43 104 -1,104 43 45 -1,125 27 123 -1,123 27 29 -1,123 29 121 -1,121 29 31 -1,121 31 119 -1,119 31 33 -1,119 33 117 -1,117 33 35 -1,117 35 115 -1,115 35 37 -1,115 37 113 -1,113 37 39 -1,113 39 111 -1,111 39 41 -1,111 41 43 -1,25 125 23 -1,23 125 127 -1,23 127 21 -1,14 3 11 -1,11 3 6 -1,11 6 9 -1,9 6 2 -1,9 2 1 -1,63 65 83 -1,83 65 67 -1,83 67 81 -1,81 67 69 -1,81 69 79 -1,79 69 71 -1,79 71 76 -1,76 71 73 -1,76 73 75 -1,127 129 21 -1,21 129 131 -1,21 131 17 -1,17 131 133 -1,17 133 14 -1,14 133 135 -1,14 135 3 -1,87 89 59 -1,59 89 92 -1,59 92 57 -1,57 92 94 -1,57 94 55 -1,55 94 96 -1,55 96 53 -1,53 96 98 -1,53 98 51 -1,51 98 100 -1,51 100 49 -1,49 100 102 -1,49 102 47 -1,47 102 107 -1,47 107 45 -1,45 107 105 -1,45 105 104 -1,136 137 138 -1,138 137 139 -1,140 136 141 -1,141 136 138 -1,140 141 142 -1,140 142 143 -1,143 142 144 -1,143 144 145 -1,146 145 147 -1,147 145 144 -1,148 146 149 -1,149 146 147 -1,150 151 152 -1,152 151 148 -1,152 148 149 -1,153 151 154 -1,154 151 150 -1,155 156 157 -1,157 156 153 -1,157 153 154 -1,158 159 160 -1,160 159 156 -1,160 156 155 -1,158 161 159 -1,159 161 162 -1,161 163 162 -1,162 163 164 -1,162 164 165 -1,165 164 166 -1,165 166 167 -1,167 166 168 -1,167 168 169 -1,169 168 170 -1,169 170 171 -1,171 170 172 -1,171 172 173 -1,173 172 174 -1,173 174 175 -1,176 175 177 -1,177 175 174 -1,176 177 178 -1,176 178 179 -1,179 178 180 -1,179 180 181 -1,181 180 182 -1,181 182 183 -1,183 182 184 -1,183 184 185 -1,184 186 185 -1,185 186 187 -1,185 187 188 -1,188 187 189 -1,188 189 190 -1,190 189 191 -1,190 191 192 -1,192 191 193 -1,192 193 194 -1,194 193 195 -1,194 195 196 -1,139 137 197 -1,197 137 196 -1,197 196 195 -1,137 136 196 -1,196 136 140 -1,196 140 143 -1,151 153 148 -1,148 153 156 -1,148 156 146 -1,146 156 196 -1,146 196 145 -1,145 196 143 -1,165 190 162 -1,162 190 192 -1,162 192 159 -1,159 192 156 -1,156 192 194 -1,156 194 196 -1,175 176 173 -1,173 176 179 -1,173 179 171 -1,171 179 181 -1,171 181 169 -1,169 181 183 -1,169 183 167 -1,167 183 185 -1,167 185 165 -1,165 185 188 -1,165 188 190 -1,198 199 200 -1,200 199 201 -1,202 203 204 -1,204 203 198 -1,204 198 200 -1,205 203 206 -1,206 203 202 -1,207 208 209 -1,209 208 205 -1,209 205 206 -1,210 208 211 -1,211 208 207 -1,212 213 214 -1,214 213 210 -1,214 210 211 -1,215 213 216 -1,216 213 212 -1,217 218 219 -1,219 218 215 -1,219 215 216 -1,220 218 221 -1,221 218 217 -1,222 223 224 -1,224 223 220 -1,224 220 221 -1,225 223 226 -1,226 223 222 -1,201 199 227 -1,227 199 225 -1,227 225 226 -1,225 199 198 -1,198 203 225 -1,225 203 205 -1,225 205 223 -1,218 220 215 -1,215 220 223 -1,215 223 213 -1,213 223 205 -1,213 205 210 -1,210 205 208 -1,228 229 230 -1,230 229 231 -1,230 231 232 -1,232 231 233 -1,232 233 234 -1,234 233 235 -1,234 235 236 -1,236 235 237 -1,236 237 238 -1,238 237 239 -1,238 239 240 -1,240 239 241 -1,240 241 242 -1,242 241 243 -1,242 243 244 -1,244 243 245 -1,244 245 246 -1,246 245 247 -1,246 247 248 -1,248 247 249 -1,248 249 250 -1,250 249 251 -1,250 251 252 -1,252 251 253 -1,252 253 254 -1,254 253 255 -1,254 255 256 -1,256 255 257 -1,256 257 258 -1,258 257 259 -1,258 259 260 -1,260 259 261 -1,260 261 262 -1,262 261 228 -1,262 228 230 -1,236 238 263 -1,263 238 264 -1,236 263 265 -1,236 265 234 -1,234 265 266 -1,234 266 232 -1,232 266 267 -1,232 267 230 -1,230 267 268 -1,230 268 262 -1,262 268 269 -1,262 269 260 -1,260 269 270 -1,260 270 258 -1,258 270 271 -1,258 271 256 -1,256 271 272 -1,256 272 254 -1,254 272 273 -1,254 273 252 -1,252 273 274 -1,252 274 250 -1,250 274 275 -1,250 275 248 -1,248 275 276 -1,248 276 246 -1,246 276 277 -1,246 277 244 -1,244 277 278 -1,244 278 242 -1,240 242 279 -1,279 242 278 -1,238 240 264 -1,264 240 279 -1,243 241 280 -1,280 241 281 -1,241 239 281 -1,281 239 282 -1,239 237 282 -1,282 237 283 -1,229 284 285 -1,229 285 231 -1,231 285 286 -1,231 286 233 -1,233 286 287 -1,233 287 235 -1,235 287 283 -1,235 283 237 -1,257 288 289 -1,257 289 259 -1,259 289 290 -1,259 290 261 -1,261 290 291 -1,261 291 228 -1,228 291 284 -1,228 284 229 -1,249 292 293 -1,249 293 251 -1,251 293 294 -1,251 294 253 -1,253 294 295 -1,253 295 255 -1,255 295 288 -1,255 288 257 -1,243 280 296 -1,243 296 245 -1,245 296 297 -1,245 297 247 -1,247 297 292 -1,247 292 249 -1,
        ]
    }
}
Shape{
    appearance Appearance {
        material  Material {
            diffuseColor 0.25098039215686274 0.25098039215686274 0.25098039215686274
            specularColor 0.12549019607843137 0.12549019607843137 0.12549019607843137
            ambientIntensity 0.2
            transparency 0
            shininess 0.5
        }
    }
    geometry IndexedFaceSet {
        ccw TRUE
        solid FALSE
        coord DEF co Coordinate {
            point [
                0.3015 -0.8839 0.8068, 0.3015 -0.8839 0.7450, 0.3135 -0.8839 0.8068, 0.3131 -0.8839 0.7450, 0.3233 -0.8839 0.7461, 0.3301 -0.8839 0.7486, 0.3354 -0.8839 0.7521, 0.3369 -0.8839 0.7534, 0.3409 -0.8839 0.7583, 0.3436 -0.8839 0.7643, 0.3452 -0.8839 0.7716, 0.3454 -0.8839 0.7767, 0.3444 -0.8839 0.7859, 0.3423 -0.8839 0.7920, 0.3393 -0.8839 0.7966, 0.3367 -0.8839 0.7992, 0.3239 -0.8839 0.8056, 0.3308 -0.8839 0.8031, 0.3308 -0.8839 0.8031
            ]
        }
        coordIndex [
            0 1 2 -1,2 1 3 -1,2 3 4 -1,4 5 2 -1,2 5 6 -1,2 6 7 -1,7 8 2 -1,2 8 9 -1,2 9 10 -1,10 11 2 -1,2 11 12 -1,2 12 13 -1,13 14 2 -1,2 14 15 -1,2 15 16 -1,16 15 17 -1,
        ]
    }
}
Shape{
    appearance Appearance {
        material  Material {
            diffuseColor 1.0 1.0 1.0
            specularColor 0.5019607843137255 0.5019607843137255 0.5019607843137255
            ambientIntensity 0.2
            transparency 0
            shininess 0.5
        }
    }
    geometry IndexedFaceSet {
        ccw TRUE
        solid FALSE
        coord DEF co Coordinate {
            point [
                0.3831 -0.8878 0.7669, 0.3799 -0.8878 0.7578, 0.4100 -0.8878 0.7669, 0.4132 -0.8878 0.7578, 0.3951 -0.8878 0.8001, 0.3912 -0.8878 0.8160, 0.3607 -0.8878 0.7359, 0.3722 -0.8878 0.7359, 0.3958 -0.8878 0.8025, 0.3964 -0.8878 0.8058, 0.4023 -0.8878 0.8160, 0.3967 -0.8878 0.8058, 0.3973 -0.8878 0.8024, 0.3979 -0.8878 0.8001, 0.4328 -0.8878 0.7359, 0.4214 -0.8878 0.7359, 0.4023 -0.8839 0.8160, 0.4328 -0.8839 0.7359, 0.3912 -0.8839 0.8160, 0.3607 -0.8839 0.7359, 0.3722 -0.8839 0.7359, 0.3799 -0.8839 0.7578, 0.4132 -0.8839 0.7578, 0.4214 -0.8839 0.7359, 0.3831 -0.8839 0.7669, 0.4100 -0.8839 0.7669, 0.3979 -0.8839 0.8001, 0.3967 -0.8839 0.8058, 0.3973 -0.8839 0.8024, 0.3964 -0.8839 0.8058, 0.3951 -0.8839 0.8001, 0.3958 -0.8839 0.8025, 0.3958 -0.8839 0.8025
            ]
        }
        coordIndex [
            0 1 2 -1,2 1 3 -1,4 5 0 -1,0 5 6 -1,0 6 1 -1,1 6 7 -1,4 8 5 -1,5 8 9 -1,5 9 10 -1,10 9 11 -1,10 11 12 -1,12 13 10 -1,10 13 2 -1,10 2 14 -1,14 2 3 -1,14 3 15 -1,10 14 16 -1,16 14 17 -1,5 10 18 -1,18 10 16 -1,6 5 19 -1,19 5 18 -1,7 6 20 -1,20 6 19 -1,1 7 21 -1,21 7 20 -1,3 1 22 -1,22 1 21 -1,15 3 23 -1,23 3 22 -1,14 15 17 -1,17 15 23 -1,0 2 24 -1,24 2 25 -1,2 13 25 -1,25 13 26 -1,11 27 28 -1,11 28 12 -1,12 28 26 -1,12 26 13 -1,11 9 27 -1,27 9 29 -1,4 30 31 -1,4 31 8 -1,8 31 29 -1,8 29 9 -1,4 0 30 -1,30 0 24 -1,
        ]
    }
}
Shape{
    appearance Appearance {
        material  Material {
            diffuseColor 0.25098039215686274 0.25098039215686274 0.25098039215686274
            specularColor 0.12549019607843137 0.12549019607843137 0.12549019607843137
            ambientIntensity 0.2
            transparency 0
            shininess 0.5
        }
    }
    geometry IndexedFaceSet {
        ccw TRUE
        solid FALSE
        coord DEF co Coordinate {
            point [
                0.3967 -0.8839 0.8058, 0.3964 -0.8839 0.8058, 0.3973 -0.8839 0.8024, 0.3958 -0.8839 0.8025, 0.3979 -0.8839 0.8001, 0.3951 -0.8839 0.8001, 0.4100 -0.8839 0.7669, 0.3831 -0.8839 0.7669, 0.3831 -0.8839 0.7669
            ]
        }
        coordIndex [
            0 1 2 -1,2 1 3 -1,2 3 4 -1,4 3 5 -1,4 5 6 -1,6 5 7 -1,
        ]
    }
}
Shape{
    appearance Appearance {
        material  Material {
            diffuseColor 1.0 1.0 1.0
            specularColor 0.5019607843137255 0.5019607843137255 0.5019607843137255
            ambientIntensity 0.2
            transparency 0
            shininess 0.5
        }
    }
    geometry IndexedFaceSet {
        ccw TRUE
        solid FALSE
        coord DEF co Coordinate {
            point [
                -0.3425 -0.8878 0.7246, -0.3340 -0.8878 0.7141, -0.3476 -0.8878 0.7749, -0.2475 -0.8878 0.7224, -0.2407 -0.8878 0.7351, -0.2374 -0.8878 0.7492, -0.3093 -0.8878 0.7378, -0.3048 -0.8878 0.7347, -0.3229 -0.8878 0.7057, -0.2995 -0.8878 0.7328, -0.1574 -0.8878 0.8028, -0.1751 -0.8878 0.8330, -0.2371 -0.8878 0.7607, -0.2514 -0.8878 0.7931, -0.2371 -0.8878 0.7550, -0.2676 -0.8878 0.7046, -0.2563 -0.8878 0.7125, -0.3600 -0.8878 0.7825, -0.3584 -0.8878 0.7400, -0.3481 -0.8878 0.7368, -0.2739 -0.8878 0.7625, -0.2726 -0.8878 0.7572, -0.2726 -0.8878 0.7517, -0.2740 -0.8878 0.7463, -0.2767 -0.8878 0.7414, -0.1387 -0.8878 0.8592, -0.1341 -0.8878 0.8592, -0.1108 -0.8878 0.8899, -0.1233 -0.8878 0.8578, -0.1070 -0.8878 0.8886, -0.1134 -0.8878 0.8540, -0.0902 -0.8878 0.8800, -0.0749 -0.8878 0.8668, -0.2988 -0.8878 0.8780, -0.2946 -0.8878 0.8757, -0.3123 -0.8878 0.9172, -0.2868 -0.8878 0.8924, -0.3006 -0.8878 0.9308, -0.2743 -0.8878 0.9079, -0.2872 -0.8878 0.9423, -0.2586 -0.8878 0.9197, -0.2734 -0.8878 0.9509, -0.3130 -0.8878 0.7419, -0.3154 -0.8878 0.7466, -0.3167 -0.8878 0.7519, -0.3097 -0.8878 0.7002, -0.2963 -0.8878 0.6981, -0.2946 -0.8878 0.7322, -0.2941 -0.8878 0.6981, -0.2899 -0.8878 0.7327, -0.2803 -0.8878 0.6998, -0.2849 -0.8878 0.7345, -0.2805 -0.8878 0.7374, -0.1634 -0.8878 0.7360, -0.1609 -0.8878 0.7356, -0.1563 -0.8878 0.7704, -0.2472 -0.8878 0.9610, -0.2400 -0.8878 0.9274, -0.2189 -0.8878 0.9645, -0.1415 -0.8878 0.9349, -0.1608 -0.8878 0.9058, -0.1229 -0.8878 0.9134, -0.1487 -0.8878 0.8898, -0.1409 -0.8878 0.8710, -0.3702 -0.8878 0.7930, -0.3937 -0.8878 0.7641, -0.3786 -0.8878 0.7508, -0.3800 -0.8878 0.8410, -0.4173 -0.8878 0.8333, -0.3817 -0.8878 0.8273, -0.4176 -0.8878 0.8262, -0.3811 -0.8878 0.8186, -0.4155 -0.8878 0.8066, -0.3770 -0.8878 0.8047, -0.4080 -0.8878 0.7853, -0.3961 -0.8878 0.7669, -0.1045 -0.8878 0.8479, -0.0979 -0.8878 0.8404, -0.0635 -0.8878 0.8504, -0.0926 -0.8878 0.8306, -0.0568 -0.8878 0.8330, -0.0900 -0.8878 0.8197, -0.0544 -0.8878 0.8153, -0.0897 -0.8878 0.8148, -0.1307 -0.8878 0.7704, -0.1273 -0.8878 0.7356, -0.1205 -0.8878 0.7723, -0.1094 -0.8878 0.7393, -0.1105 -0.8878 0.7769, -0.0920 -0.8878 0.7475, -0.1020 -0.8878 0.7838, -0.0770 -0.8878 0.7596, -0.1012 -0.8878 0.7847, -0.0755 -0.8878 0.7613, -0.0950 -0.8878 0.7936, -0.0648 -0.8878 0.7759, -0.0911 -0.8878 0.8037, -0.0573 -0.8878 0.7938, -0.0544 -0.8878 0.8125, -0.3116 -0.8878 0.8826, -0.3188 -0.8878 0.9180, -0.3248 -0.8878 0.8842, -0.3254 -0.8878 0.9184, -0.3306 -0.8878 0.8839, -0.3450 -0.8878 0.9163, -0.3447 -0.8878 0.8806, -0.3663 -0.8878 0.9088, -0.3574 -0.8878 0.8739, -0.3854 -0.8878 0.8961, -0.3673 -0.8878 0.8651, -0.3908 -0.8878 0.8911, -0.3752 -0.8878 0.8537, -0.4031 -0.8878 0.8758, -0.4128 -0.8878 0.8557, -0.1773 -0.8878 0.7549, -0.1774 -0.8878 0.7533, -0.1592 -0.8878 0.7709, -0.2211 -0.8878 0.9303, -0.2184 -0.8878 0.9303, -0.1955 -0.8878 0.9620, -0.2003 -0.8878 0.9283, -0.1669 -0.8878 0.9520, -0.1824 -0.8878 0.9217, -0.1662 -0.8878 0.9109, -0.3167 -0.8878 0.7570, -0.3153 -0.8878 0.7625, -0.3413 -0.8878 0.7872, -0.3127 -0.8878 0.7674, -0.3318 -0.8878 0.7979, -0.3089 -0.8878 0.7714, -0.3202 -0.8878 0.8060, -0.3043 -0.8878 0.7744, -0.3076 -0.8878 0.8108, -0.2993 -0.8878 0.7761, -0.2941 -0.8878 0.8125, -0.2946 -0.8878 0.7766, -0.2871 -0.8878 0.8121, -0.2901 -0.8878 0.7761, -0.2734 -0.8878 0.8087, -0.2848 -0.8878 0.7743, -0.2613 -0.8878 0.8022, -0.2801 -0.8878 0.7712, -0.2765 -0.8878 0.7672, -0.1730 -0.8878 0.7418, -0.1710 -0.8878 0.7398, -0.1769 -0.8878 0.7493, -0.1754 -0.8878 0.7454, -0.1575 -0.8878 0.7705, -0.1672 -0.8878 0.7373, -0.1597 -0.8878 0.7709, -0.1638 -0.8878 0.7704, -0.1678 -0.8878 0.7690, -0.1713 -0.8878 0.7666, -0.1742 -0.8878 0.7633, -0.1763 -0.8878 0.7593, -0.0718 -0.8839 0.8623, -0.0635 -0.8839 0.8504, -0.0590 -0.8839 0.8388, -0.0568 -0.8839 0.8330, -0.0544 -0.8839 0.8153, -0.0749 -0.8839 0.8668, -0.0902 -0.8839 0.8800, -0.1070 -0.8839 0.8886, -0.1108 -0.8839 0.8899, -0.1229 -0.8839 0.9134, -0.1415 -0.8839 0.9349, -0.1546 -0.8839 0.9437, -0.1669 -0.8839 0.9520, -0.1955 -0.8839 0.9620, -0.2189 -0.8839 0.9645, -0.2472 -0.8839 0.9610, -0.2734 -0.8839 0.9509, -0.2850 -0.8839 0.9437, -0.2872 -0.8839 0.9423, -0.3006 -0.8839 0.9308, -0.3123 -0.8839 0.9172, -0.3188 -0.8839 0.9180, -0.3254 -0.8839 0.9184, -0.3450 -0.8839 0.9163, -0.3663 -0.8839 0.9088, -0.3854 -0.8839 0.8961, -0.3908 -0.8839 0.8911, -0.4031 -0.8839 0.8758, -0.4096 -0.8839 0.8623, -0.4128 -0.8839 0.8557, -0.4162 -0.8839 0.8388, -0.4173 -0.8839 0.8333, -0.4176 -0.8839 0.8262, -0.4155 -0.8839 0.8066, -0.4080 -0.8839 0.7853, -0.3961 -0.8839 0.7669, -0.3937 -0.8839 0.7641, -0.3786 -0.8839 0.7508, -0.3584 -0.8839 0.7400, -0.3481 -0.8839 0.7368, -0.3474 -0.8839 0.7352, -0.3425 -0.8839 0.7246, -0.3340 -0.8839 0.7141, -0.3229 -0.8839 0.7057, -0.3176 -0.8839 0.7035, -0.3097 -0.8839 0.7002, -0.2963 -0.8839 0.6981, -0.2941 -0.8839 0.6981, -0.2371 -0.8839 0.7550, -0.2803 -0.8839 0.6998, -0.2705 -0.8839 0.7035, -0.2676 -0.8839 0.7046, -0.2563 -0.8839 0.7125, -0.2475 -0.8839 0.7224, -0.2407 -0.8839 0.7351, -0.2407 -0.8839 0.7352, -0.2374 -0.8839 0.7492, -0.2371 -0.8839 0.7607, -0.1574 -0.8839 0.8028, -0.1751 -0.8839 0.8330, -0.2514 -0.8839 0.7931, -0.2613 -0.8839 0.8022, -0.2734 -0.8839 0.8087, -0.2871 -0.8839 0.8121, -0.2941 -0.8839 0.8125, -0.3076 -0.8839 0.8108, -0.3202 -0.8839 0.8060, -0.3318 -0.8839 0.7979, -0.3413 -0.8839 0.7872, -0.3476 -0.8839 0.7749, -0.3600 -0.8839 0.7825, -0.3702 -0.8839 0.7930, -0.3770 -0.8839 0.8047, -0.3811 -0.8839 0.8186, -0.3817 -0.8839 0.8273, -0.3803 -0.8839 0.8388, -0.3800 -0.8839 0.8410, -0.3752 -0.8839 0.8537, -0.3693 -0.8839 0.8623, -0.3673 -0.8839 0.8651, -0.3574 -0.8839 0.8739, -0.3447 -0.8839 0.8806, -0.3306 -0.8839 0.8839, -0.3248 -0.8839 0.8842, -0.3116 -0.8839 0.8826, -0.2988 -0.8839 0.8780, -0.2946 -0.8839 0.8757, -0.2868 -0.8839 0.8924, -0.2743 -0.8839 0.9079, -0.2586 -0.8839 0.9197, -0.2400 -0.8839 0.9274, -0.2211 -0.8839 0.9303, -0.2184 -0.8839 0.9303, -0.2003 -0.8839 0.9283, -0.1824 -0.8839 0.9217, -0.1662 -0.8839 0.9109, -0.1608 -0.8839 0.9058, -0.1487 -0.8839 0.8898, -0.1409 -0.8839 0.8710, -0.1392 -0.8839 0.8623, -0.1387 -0.8839 0.8592, -0.1341 -0.8839 0.8592, -0.1233 -0.8839 0.8578, -0.1134 -0.8839 0.8540, -0.1045 -0.8839 0.8479, -0.0979 -0.8839 0.8404, -0.0970 -0.8839 0.8388, -0.0926 -0.8839 0.8306, -0.0900 -0.8839 0.8197, -0.0897 -0.8839 0.8148, -0.0911 -0.8839 0.8037, -0.0950 -0.8839 0.7936, -0.1012 -0.8839 0.7847, -0.1020 -0.8839 0.7838, -0.1105 -0.8839 0.7769, -0.1205 -0.8839 0.7723, -0.1307 -0.8839 0.7704, -0.1563 -0.8839 0.7704, -0.1575 -0.8839 0.7705, -0.1592 -0.8839 0.7709, -0.1597 -0.8839 0.7709, -0.1638 -0.8839 0.7704, -0.1678 -0.8839 0.7690, -0.1713 -0.8839 0.7666, -0.1742 -0.8839 0.7633, -0.1763 -0.8839 0.7593, -0.1773 -0.8839 0.7549, -0.1774 -0.8839 0.7533, -0.1769 -0.8839 0.7493, -0.1754 -0.8839 0.7454, -0.1730 -0.8839 0.7418, -0.1710 -0.8839 0.7398, -0.1672 -0.8839 0.7373, -0.1634 -0.8839 0.7360, -0.1609 -0.8839 0.7356, -0.1273 -0.8839 0.7356, -0.1094 -0.8839 0.7393, -0.0920 -0.8839 0.7475, -0.0770 -0.8839 0.7596, -0.0755 -0.8839 0.7613, -0.0648 -0.8839 0.7759, -0.0573 -0.8839 0.7938, -0.0544 -0.8839 0.8125, -0.2946 -0.8839 0.7766, -0.2901 -0.8839 0.7761, -0.2848 -0.8839 0.7743, -0.2801 -0.8839 0.7712, -0.2765 -0.8839 0.7672, -0.2739 -0.8839 0.7625, -0.2726 -0.8839 0.7572, -0.2726 -0.8839 0.7517, -0.2740 -0.8839 0.7463, -0.2767 -0.8839 0.7414, -0.2805 -0.8839 0.7374, -0.2849 -0.8839 0.7345, -0.2899 -0.8839 0.7327, -0.2946 -0.8839 0.7322, -0.2995 -0.8839 0.7328, -0.3048 -0.8839 0.7347, -0.3093 -0.8839 0.7378, -0.3130 -0.8839 0.7419, -0.3154 -0.8839 0.7466, -0.3167 -0.8839 0.7519, -0.3167 -0.8839 0.7570, -0.3153 -0.8839 0.7625, -0.3127 -0.8839 0.7674, -0.3089 -0.8839 0.7714, -0.3043 -0.8839 0.7744, -0.2993 -0.8839 0.7761, -0.2993 -0.8839 0.7761
            ]
        }
        coordIndex [
            0 1 2 -1,3 4 5 -1,6 1 7 -1,7 1 8 -1,7 8 9 -1,10 11 12 -1,12 11 13 -1,12 13 14 -1,14 13 15 -1,14 15 5 -1,5 15 16 -1,5 16 3 -1,17 18 2 -1,2 18 19 -1,2 19 0 -1,20 21 13 -1,13 21 22 -1,13 22 15 -1,15 22 23 -1,15 23 24 -1,25 26 27 -1,27 26 28 -1,27 28 29 -1,29 28 30 -1,29 30 31 -1,31 30 32 -1,33 34 35 -1,35 34 36 -1,35 36 37 -1,37 36 38 -1,37 38 39 -1,39 38 40 -1,39 40 41 -1,6 42 1 -1,1 42 43 -1,1 43 2 -1,2 43 44 -1,8 45 9 -1,9 45 46 -1,9 46 47 -1,47 46 48 -1,47 48 49 -1,49 48 50 -1,49 50 51 -1,51 50 15 -1,51 15 52 -1,52 15 24 -1,53 54 55 -1,41 40 56 -1,56 40 57 -1,56 57 58 -1,59 60 61 -1,61 60 62 -1,61 62 27 -1,27 62 63 -1,27 63 25 -1,64 65 17 -1,17 65 66 -1,17 66 18 -1,67 68 69 -1,69 68 70 -1,69 70 71 -1,71 70 72 -1,71 72 73 -1,73 72 74 -1,73 74 64 -1,64 74 75 -1,64 75 65 -1,30 76 32 -1,32 76 77 -1,32 77 78 -1,78 77 79 -1,78 79 80 -1,80 79 81 -1,80 81 82 -1,82 81 83 -1,55 54 84 -1,84 54 85 -1,84 85 86 -1,86 85 87 -1,86 87 88 -1,88 87 89 -1,88 89 90 -1,90 89 91 -1,90 91 92 -1,92 91 93 -1,92 93 94 -1,94 93 95 -1,94 95 96 -1,96 95 97 -1,96 97 83 -1,83 97 98 -1,83 98 82 -1,33 35 99 -1,99 35 100 -1,99 100 101 -1,101 100 102 -1,101 102 103 -1,103 102 104 -1,103 104 105 -1,105 104 106 -1,105 106 107 -1,107 106 108 -1,107 108 109 -1,109 108 110 -1,109 110 111 -1,111 110 112 -1,111 112 67 -1,67 112 113 -1,67 113 68 -1,114 115 116 -1,57 117 58 -1,58 117 118 -1,58 118 119 -1,119 118 120 -1,119 120 121 -1,121 120 122 -1,121 122 59 -1,59 122 123 -1,59 123 60 -1,44 124 2 -1,2 124 125 -1,2 125 126 -1,126 125 127 -1,126 127 128 -1,128 127 129 -1,128 129 130 -1,130 129 131 -1,130 131 132 -1,132 131 133 -1,132 133 134 -1,134 133 135 -1,134 135 136 -1,136 135 137 -1,136 137 138 -1,138 137 139 -1,138 139 140 -1,140 139 141 -1,140 141 13 -1,13 141 142 -1,13 142 20 -1,116 143 144 -1,115 145 116 -1,116 145 146 -1,116 146 143 -1,55 147 53 -1,53 147 116 -1,53 116 148 -1,148 116 144 -1,116 149 114 -1,114 149 150 -1,114 150 151 -1,151 152 114 -1,114 152 153 -1,114 153 154 -1,155 32 156 -1,156 32 78 -1,156 78 157 -1,157 78 80 -1,157 80 158 -1,158 80 82 -1,158 82 159 -1,155 160 32 -1,32 160 161 -1,32 161 31 -1,31 161 162 -1,31 162 29 -1,29 162 163 -1,29 163 27 -1,27 163 164 -1,27 164 61 -1,61 164 165 -1,61 165 59 -1,121 59 166 -1,166 59 165 -1,166 167 121 -1,121 167 168 -1,121 168 119 -1,119 168 169 -1,119 169 58 -1,58 169 170 -1,58 170 56 -1,56 170 171 -1,56 171 41 -1,41 171 39 -1,39 171 172 -1,39 172 173 -1,39 173 174 -1,39 174 37 -1,37 174 175 -1,37 175 35 -1,35 175 176 -1,35 176 100 -1,100 176 177 -1,100 177 102 -1,102 177 178 -1,102 178 104 -1,104 178 179 -1,104 179 106 -1,106 179 180 -1,106 180 108 -1,108 180 181 -1,108 181 110 -1,113 112 182 -1,182 112 110 -1,182 110 181 -1,182 183 113 -1,113 183 184 -1,113 184 68 -1,68 184 185 -1,185 186 68 -1,68 186 187 -1,68 187 70 -1,70 187 188 -1,70 188 72 -1,72 188 189 -1,72 189 74 -1,74 189 190 -1,74 190 75 -1,75 190 191 -1,75 191 65 -1,65 191 192 -1,65 192 66 -1,66 192 193 -1,66 193 18 -1,18 193 194 -1,18 194 19 -1,19 194 195 -1,19 195 0 -1,195 196 0 -1,0 196 197 -1,0 197 1 -1,1 197 198 -1,1 198 8 -1,8 198 199 -1,8 199 45 -1,199 200 45 -1,45 200 201 -1,45 201 46 -1,46 201 202 -1,46 202 48 -1,203 14 5 -1,48 202 204 -1,205 15 204 -1,204 15 50 -1,204 50 48 -1,205 206 15 -1,15 206 207 -1,15 207 16 -1,16 207 208 -1,16 208 3 -1,3 208 209 -1,3 209 4 -1,4 209 210 -1,4 210 5 -1,5 210 211 -1,5 211 203 -1,12 14 212 -1,212 14 203 -1,10 12 213 -1,213 12 212 -1,11 10 214 -1,214 10 213 -1,13 11 215 -1,215 11 214 -1,13 215 216 -1,13 216 140 -1,140 216 217 -1,140 217 138 -1,138 217 218 -1,138 218 136 -1,136 218 219 -1,136 219 134 -1,134 219 220 -1,134 220 132 -1,132 220 221 -1,132 221 130 -1,130 221 222 -1,130 222 128 -1,128 222 223 -1,128 223 126 -1,126 223 224 -1,126 224 2 -1,2 224 225 -1,2 225 17 -1,17 225 226 -1,17 226 64 -1,64 226 227 -1,64 227 73 -1,73 227 228 -1,73 228 71 -1,71 228 229 -1,71 229 69 -1,67 69 229 -1,229 230 67 -1,67 230 231 -1,67 231 232 -1,233 109 232 -1,232 109 111 -1,232 111 67 -1,233 234 109 -1,109 234 235 -1,109 235 107 -1,107 235 236 -1,107 236 105 -1,105 236 237 -1,105 237 103 -1,103 237 238 -1,103 238 101 -1,101 238 239 -1,101 239 99 -1,99 239 240 -1,99 240 33 -1,33 240 241 -1,33 241 34 -1,34 241 242 -1,34 242 36 -1,36 242 243 -1,36 243 38 -1,38 243 244 -1,38 244 40 -1,40 244 245 -1,40 245 57 -1,57 245 246 -1,57 246 117 -1,117 246 247 -1,117 247 118 -1,118 247 248 -1,118 248 120 -1,120 248 249 -1,120 249 122 -1,122 249 250 -1,122 250 123 -1,123 250 251 -1,123 251 60 -1,60 251 252 -1,60 252 62 -1,62 252 253 -1,62 253 63 -1,63 253 25 -1,25 253 254 -1,25 254 255 -1,26 25 256 -1,256 25 255 -1,26 256 257 -1,26 257 28 -1,28 257 258 -1,28 258 30 -1,30 258 259 -1,30 259 76 -1,76 259 260 -1,76 260 77 -1,77 260 261 -1,77 261 79 -1,261 262 79 -1,79 262 263 -1,79 263 81 -1,81 263 264 -1,81 264 83 -1,83 264 265 -1,83 265 96 -1,96 265 266 -1,96 266 94 -1,94 266 267 -1,94 267 92 -1,92 267 268 -1,92 268 90 -1,90 268 269 -1,90 269 88 -1,88 269 270 -1,88 270 86 -1,86 270 271 -1,86 271 84 -1,55 84 272 -1,272 84 271 -1,55 272 273 -1,55 273 147 -1,147 273 274 -1,147 274 116 -1,116 274 275 -1,116 275 149 -1,149 275 276 -1,149 276 150 -1,150 276 277 -1,150 277 151 -1,151 277 278 -1,151 278 152 -1,152 278 279 -1,152 279 153 -1,153 279 280 -1,153 280 154 -1,154 280 281 -1,154 281 114 -1,114 281 282 -1,114 282 115 -1,115 282 283 -1,115 283 145 -1,145 283 284 -1,145 284 146 -1,146 284 285 -1,146 285 143 -1,143 285 286 -1,143 286 144 -1,144 286 287 -1,144 287 148 -1,148 287 288 -1,148 288 53 -1,53 288 289 -1,53 289 54 -1,85 54 290 -1,290 54 289 -1,85 290 291 -1,85 291 87 -1,87 291 292 -1,87 292 89 -1,89 292 293 -1,89 293 91 -1,91 293 294 -1,91 294 93 -1,93 294 295 -1,93 295 95 -1,95 295 296 -1,95 296 97 -1,97 296 297 -1,97 297 98 -1,98 297 159 -1,98 159 82 -1,135 298 299 -1,135 299 137 -1,137 299 300 -1,137 300 139 -1,139 300 301 -1,139 301 141 -1,141 301 302 -1,141 302 142 -1,142 302 303 -1,142 303 20 -1,20 303 304 -1,20 304 21 -1,21 304 305 -1,21 305 22 -1,22 305 306 -1,22 306 23 -1,23 306 307 -1,23 307 24 -1,24 307 308 -1,24 308 52 -1,52 308 309 -1,52 309 51 -1,51 309 310 -1,51 310 49 -1,49 310 311 -1,49 311 47 -1,47 311 312 -1,47 312 9 -1,9 312 313 -1,9 313 7 -1,7 313 314 -1,7 314 6 -1,6 314 315 -1,6 315 42 -1,42 315 316 -1,42 316 43 -1,43 316 317 -1,43 317 44 -1,44 317 318 -1,44 318 124 -1,124 318 319 -1,124 319 125 -1,125 319 320 -1,125 320 127 -1,127 320 321 -1,127 321 129 -1,129 321 322 -1,129 322 131 -1,131 322 323 -1,131 323 133 -1,133 323 298 -1,133 298 135 -1,
        ]
    }
}
Shape{
    appearance Appearance {
        material  Material {
            diffuseColor 0.25098039215686274 0.25098039215686274 0.25098039215686274
            specularColor 0.12549019607843137 0.12549019607843137 0.12549019607843137
            ambientIntensity 0.2
            transparency 0
            shininess 0.5
        }
    }
    geometry IndexedFaceSet {
        ccw TRUE
        solid FALSE
        coord DEF co Coordinate {
            point [
                -0.2993 -0.8839 0.7761, -0.2946 -0.8839 0.7322, -0.2946 -0.8839 0.7766, -0.2899 -0.8839 0.7327, -0.2901 -0.8839 0.7761, -0.3127 -0.8839 0.7674, -0.3153 -0.8839 0.7625, -0.3167 -0.8839 0.7570, -0.3154 -0.8839 0.7466, -0.3130 -0.8839 0.7419, -0.3093 -0.8839 0.7378, -0.2805 -0.8839 0.7374, -0.2765 -0.8839 0.7672, -0.2801 -0.8839 0.7712, -0.3167 -0.8839 0.7519, -0.3043 -0.8839 0.7744, -0.3089 -0.8839 0.7714, -0.3048 -0.8839 0.7347, -0.2995 -0.8839 0.7328, -0.2849 -0.8839 0.7345, -0.2848 -0.8839 0.7743, -0.2740 -0.8839 0.7463, -0.2726 -0.8839 0.7517, -0.2767 -0.8839 0.7414, -0.2726 -0.8839 0.7572, -0.2739 -0.8839 0.7625, -0.2739 -0.8839 0.7625
            ]
        }
        coordIndex [
            0 1 2 -1,2 1 3 -1,2 3 4 -1,5 6 7 -1,8 9 0 -1,0 9 10 -1,11 12 13 -1,8 0 14 -1,14 0 15 -1,14 15 7 -1,7 15 16 -1,7 16 5 -1,10 17 0 -1,0 17 18 -1,0 18 1 -1,3 19 4 -1,4 19 11 -1,4 11 20 -1,20 11 13 -1,21 22 23 -1,23 22 24 -1,23 24 11 -1,11 24 25 -1,11 25 12 -1,
        ]
    }
}